DOI,prefix,title,language,container-title,ISSN,publisher,URL,issued,published,published-online,indexed,created,reference-count,is-referenced-by-count,type,member
10.12688/openreseurope.13663.1,10.12688,"In poetry, if meter has to help memory, it takes its time",en,Open Research Europe,2732-5121,F1000 Research Ltd,http://dx.doi.org/10.12688/openreseurope.13663.1,2021-5-28,2021-5-28,2021-5-28,2022-1-28,2021-5-28,30,1,journal-article,2560
10.12688/openreseurope.13721.1,10.12688,Exploring the impacts of social media and crowdsourcing on disaster resilience,en,Open Research Europe,2732-5121,F1000 Research Ltd,http://dx.doi.org/10.12688/openreseurope.13721.1,2021-6-1,2021-6-1,2021-6-1,2021-12-9,2021-6-1,43,0,journal-article,2560
10.12688/openreseurope.13639.2,10.12688,How many online workers are there in the world? A data-driven assessment,en,Open Research Europe,2732-5121,F1000 Research Ltd,http://dx.doi.org/10.12688/openreseurope.13639.2,2021-9-1,2021-9-1,2021-9-1,2021-12-13,2021-9-1,27,0,journal-article,2560
10.12688/openreseurope.13358.2,10.12688,The existential stakes of platform governance: a critical literature review,en,Open Research Europe,2732-5121,F1000 Research Ltd,http://dx.doi.org/10.12688/openreseurope.13358.2,2021-7-1,2021-7-1,2021-7-1,2021-12-13,2021-7-1,73,0,journal-article,2560
10.12688/openreseurope.13286.1,10.12688,Hypertension and diabetes patients’ perspective of challenges and their coping mechanisms in Mukono and Buikwe districts in Uganda – a qualitative study,en,Open Research Europe,2732-5121,F1000 Research Ltd,http://dx.doi.org/10.12688/openreseurope.13286.1,2021-3-26,2021-3-26,2021-3-26,2021-12-11,2021-3-26,44,0,journal-article,2560
10.12688/openreseurope.13342.1,10.12688,Data Management Plans in Horizon 2020: what beneficiaries think and what we can learn from their experience,en,Open Research Europe,2732-5121,F1000 Research Ltd,http://dx.doi.org/10.12688/openreseurope.13342.1,2021-4-23,2021-4-23,2021-4-23,2021-12-19,2021-4-23,13,0,journal-article,2560
10.12688/openreseurope.13683.1,10.12688,COVID-19 vs. stakeholder engagement: the impact of coronavirus containment measures on stakeholder involvement in European energy research projects,en,Open Research Europe,2732-5121,F1000 Research Ltd,http://dx.doi.org/10.12688/openreseurope.13683.1,2021-5-25,2021-5-25,2021-5-25,2021-12-19,2021-5-25,27,0,journal-article,2560
10.12688/openreseurope.13689.1,10.12688,Record linkage of population-based cohort data from minors with national register data: a scoping review and comparative legal analysis of four European countries,en,Open Research Europe,2732-5121,F1000 Research Ltd,http://dx.doi.org/10.12688/openreseurope.13689.1,2021-5-27,2021-5-27,2021-5-27,2021-12-18,2021-5-27,90,0,journal-article,2560
10.12688/openreseurope.13192.1,10.12688,"Workplace mental health promotion in a large state organization: Perceived needs, expected effects, neglected side effects",en,Open Research Europe,2732-5121,F1000 Research Ltd,http://dx.doi.org/10.12688/openreseurope.13192.1,2021-3-24,2021-3-24,2021-3-24,2021-12-9,2021-3-24,51,0,journal-article,2560
10.12688/openreseurope.13969.1,10.12688,Financing conditions of renewable energy projects – results from an EU wide survey,en,Open Research Europe,2732-5121,F1000 Research Ltd,http://dx.doi.org/10.12688/openreseurope.13969.1,2021-11-12,2021-11-12,2021-11-12,2021-12-11,2021-11-12,4,0,journal-article,2560
10.12688/openreseurope.13340.1,10.12688,Soft female leadership (SFL) framework for driving the gender equality change in engineering education: learning outcomes of leader and leadership development,en,Open Research Europe,2732-5121,F1000 Research Ltd,http://dx.doi.org/10.12688/openreseurope.13340.1,2021-6-10,2021-6-10,2021-6-10,2021-12-11,2021-6-10,82,0,journal-article,2560
10.12688/openreseurope.13069.2,10.12688,"Promoting citizen science in the energy sector: Generation Solar, an open database of small-scale solar photovoltaic installations",en,Open Research Europe,2732-5121,F1000 Research Ltd,http://dx.doi.org/10.12688/openreseurope.13069.2,2021-5-21,2021-5-21,2021-5-21,2021-12-19,2021-5-21,34,0,journal-article,2560
10.12688/openreseurope.14413.1,10.12688,Innovative forest products in the circular bioeconomy,en,Open Research Europe,2732-5121,F1000 Research Ltd,http://dx.doi.org/10.12688/openreseurope.14413.1,2022-2-9,2022-2-9,2022-2-9,2022-2-9,2022-2-9,73,0,journal-article,2560
10.12688/openreseurope.14025.1,10.12688,Towards an integrated automatic design process for robot swarms,en,Open Research Europe,2732-5121,F1000 Research Ltd,http://dx.doi.org/10.12688/openreseurope.14025.1,2021-9-27,2021-9-27,2021-9-27,2022-2-8,2021-9-27,56,1,journal-article,2560
10.12688/openreseurope.14145.1,10.12688,Digital twins for land-based aquaculture: A case study for rainbow trout (Oncorhynchus mykiss),en,Open Research Europe,2732-5121,F1000 Research Ltd,http://dx.doi.org/10.12688/openreseurope.14145.1,2022-2-4,2022-2-4,2022-2-4,2022-2-8,2022-2-4,27,0,journal-article,2560
10.12688/openreseurope.13841.1,10.12688,Safeguarding COVID-19 and cancer management: drug design and therapeutic approach,en,Open Research Europe,2732-5121,F1000 Research Ltd,http://dx.doi.org/10.12688/openreseurope.13841.1,2021-7-5,2021-7-5,2021-7-5,2021-12-17,2021-7-5,89,0,journal-article,2560
10.12688/openreseurope.13860.1,10.12688,An agenda-setting paper on data sharing platforms: euCanSHare workshop,en,Open Research Europe,2732-5121,F1000 Research Ltd,http://dx.doi.org/10.12688/openreseurope.13860.1,2021-7-19,2021-7-19,2021-7-19,2021-12-17,2021-7-19,83,0,journal-article,2560
10.12688/openreseurope.13843.2,10.12688,Automated identification of borrowings in multilingual wordlists,en,Open Research Europe,2732-5121,F1000 Research Ltd,http://dx.doi.org/10.12688/openreseurope.13843.2,2021-8-24,2021-8-24,2021-8-24,2021-12-11,2021-8-24,62,0,journal-article,2560
10.12688/openreseurope.13277.2,10.12688,"Presence, flow, and narrative absorption questionnaires: a scoping review",en,Open Research Europe,2732-5121,F1000 Research Ltd,http://dx.doi.org/10.12688/openreseurope.13277.2,2021-11-4,2021-11-4,2021-11-4,2021-12-9,2021-11-4,49,0,journal-article,2560
10.12688/openreseurope.13073.2,10.12688,Simple and robust method for determination of laser fluence thresholds for material modifications: an extension of Liu’s approach to imperfect beams,en,Open Research Europe,2732-5121,F1000 Research Ltd,http://dx.doi.org/10.12688/openreseurope.13073.2,2021-6-25,2021-6-25,2021-6-25,2021-12-10,2021-6-25,36,0,journal-article,2560
10.12688/openreseurope.13843.1,10.12688,Automated identification of borrowings in multilingual wordlists,en,Open Research Europe,2732-5121,F1000 Research Ltd,http://dx.doi.org/10.12688/openreseurope.13843.1,2021-7-15,2021-7-15,2021-7-15,2021-12-10,2021-7-15,53,0,journal-article,2560
10.12688/openreseurope.13218.1,10.12688,Tower of Babel: transcendental linguistics in Friedrich von Hardenberg’s (Novalis) Fichte Studies,en,Open Research Europe,2732-5121,F1000 Research Ltd,http://dx.doi.org/10.12688/openreseurope.13218.1,2021-4-1,2021-4-1,2021-4-1,2021-12-13,2021-4-1,42,0,journal-article,2560
10.12688/openreseurope.14029.1,10.12688,A new nomenclature for the livestock-associated Mycobacterium tuberculosis complex based on phylogenomics,en,Open Research Europe,2732-5121,F1000 Research Ltd,http://dx.doi.org/10.12688/openreseurope.14029.1,2021-8-25,2021-8-25,2021-8-25,2021-12-16,2021-8-25,88,0,journal-article,2560
10.12688/openreseurope.13339.1,10.12688,The development of a four-tier test to evaluate research integrity training,en,Open Research Europe,2732-5121,F1000 Research Ltd,http://dx.doi.org/10.12688/openreseurope.13339.1,2021-8-4,2021-8-4,2021-8-4,2021-12-15,2021-8-4,51,0,journal-article,2560
10.12688/openreseurope.14060.1,10.12688,Mission-based optimal morphing parameters for rotors with combined chord and twist morphing,en,Open Research Europe,2732-5121,F1000 Research Ltd,http://dx.doi.org/10.12688/openreseurope.14060.1,2021-10-12,2021-10-12,2021-10-12,2021-12-16,2021-10-13,25,0,journal-article,2560
10.12688/openreseurope.14117.1,10.12688,"Basic taste sensitivity, eating behaviour, and propensity of dairy foods of preadolescent children: How are they related?",en,Open Research Europe,2732-5121,F1000 Research Ltd,http://dx.doi.org/10.12688/openreseurope.14117.1,2021-10-20,2021-10-20,2021-10-20,2021-12-16,2021-10-20,104,0,journal-article,2560
10.12688/openreseurope.14499.1,10.12688,Identifying entrepreneurial discovery processes with weak and strong technology signals: a text mining approach,en,Open Research Europe,2732-5121,F1000 Research Ltd,http://dx.doi.org/10.12688/openreseurope.14499.1,2022-2-28,2022-2-28,2022-2-28,2022-2-28,2022-2-28,41,0,journal-article,2560
10.12688/openreseurope.13987.1,10.12688,Chromosome-scale assembly of the yellow mealworm genome,en,Open Research Europe,2732-5121,F1000 Research Ltd,http://dx.doi.org/10.12688/openreseurope.13987.1,2021-8-17,2021-8-17,2021-8-17,2022-2-28,2021-8-17,46,0,journal-article,2560
10.12688/openreseurope.13255.2,10.12688,Do fluorocarbons substantially increase transdermal oxygen delivery? A proof-of-principle study in mice,en,Open Research Europe,2732-5121,F1000 Research Ltd,http://dx.doi.org/10.12688/openreseurope.13255.2,2021-9-30,2021-9-30,2021-9-30,2021-12-17,2021-9-30,23,0,journal-article,2560
10.12688/openreseurope.13624.1,10.12688,Fewest switches surface hopping with Baeck-An couplings,en,Open Research Europe,2732-5121,F1000 Research Ltd,http://dx.doi.org/10.12688/openreseurope.13624.1,2021-5-17,2021-5-17,2021-5-17,2022-3-9,2021-5-17,89,1,journal-article,2560
10.12688/openreseurope.13193.2,10.12688,"Presence, flow, and narrative absorption: an interdisciplinary theoretical exploration with a new spatiotemporal integrated model based on predictive processing",en,Open Research Europe,2732-5121,F1000 Research Ltd,http://dx.doi.org/10.12688/openreseurope.13193.2,2021-7-23,2021-7-23,2021-7-23,2021-12-22,2021-7-23,191,0,journal-article,2560
10.12688/openreseurope.13641.1,10.12688,Embodying an artificial hand increases blood flow to the investigated limb,en,Open Research Europe,2732-5121,F1000 Research Ltd,http://dx.doi.org/10.12688/openreseurope.13641.1,2021-5-21,2021-5-21,2021-5-21,2021-12-22,2021-5-21,78,0,journal-article,2560
10.12688/openreseurope.14216.1,10.12688,Can detection and prediction models for Alzheimer’s Disease be applied to Prodromal Parkinson’s Disease using explainable artificial intelligence? A brief report on Digital Neuro Signatures.,en,Open Research Europe,2732-5121,F1000 Research Ltd,http://dx.doi.org/10.12688/openreseurope.14216.1,2021-12-3,2021-12-3,2021-12-3,2021-12-23,2021-12-3,27,0,journal-article,2560
10.12688/openreseurope.13204.2,10.12688,Ineffective humoral anti-tick IgY-response in birds: reaction against pathogen constituents?,en,Open Research Europe,2732-5121,F1000 Research Ltd,http://dx.doi.org/10.12688/openreseurope.13204.2,2021-9-23,2021-9-23,2021-9-23,2022-2-4,2021-9-23,37,0,journal-article,2560
10.12688/openreseurope.14289.1,10.12688,Digital onboarding in finance: a novel model and related cybersecurity risks,en,Open Research Europe,2732-5121,F1000 Research Ltd,http://dx.doi.org/10.12688/openreseurope.14289.1,2021-12-9,2021-12-9,2021-12-9,2022-2-5,2021-12-9,33,0,journal-article,2560
10.12688/openreseurope.13624.2,10.12688,Fewest switches surface hopping with Baeck-An couplings,en,Open Research Europe,2732-5121,F1000 Research Ltd,http://dx.doi.org/10.12688/openreseurope.13624.2,2022-3-9,2022-3-9,2022-3-9,2022-3-10,2022-3-9,89,0,journal-article,2560
10.12688/openreseurope.13302.1,10.12688,Finite difference magnetoelastic simulator,en,Open Research Europe,2732-5121,F1000 Research Ltd,http://dx.doi.org/10.12688/openreseurope.13302.1,2021-4-19,2021-4-19,2021-4-19,2022-3-11,2021-4-19,71,2,journal-article,2560
10.12688/openreseurope.13683.3,10.12688,COVID-19 vs. stakeholder engagement: the impact of coronavirus containment measures on stakeholder involvement in European energy research projects,en,Open Research Europe,2732-5121,F1000 Research Ltd,http://dx.doi.org/10.12688/openreseurope.13683.3,2021-10-14,2021-10-14,2021-10-14,2022-3-10,2021-10-14,27,2,journal-article,2560
10.12688/openreseurope.13709.1,10.12688,"The translational roadmap of the gut models, focusing on gut-on-chip",en,Open Research Europe,2732-5121,F1000 Research Ltd,http://dx.doi.org/10.12688/openreseurope.13709.1,2021-6-4,2021-6-4,2021-6-4,2022-1-26,2021-6-4,70,0,journal-article,2560
10.12688/openreseurope.14235.1,10.12688,Caenorhabditis elegans Parkin: Regulators of its abundance and role in autophagy-lysosomal dynamics,en,Open Research Europe,2732-5121,F1000 Research Ltd,http://dx.doi.org/10.12688/openreseurope.14235.1,2022-2-18,2022-2-18,2022-2-18,2022-2-18,2022-2-18,46,0,journal-article,2560
10.12688/openreseurope.13362.2,10.12688,SESAME – a synchrotron light source in the Middle East: an international research infrastructure in the making,en,Open Research Europe,2732-5121,F1000 Research Ltd,http://dx.doi.org/10.12688/openreseurope.13362.2,2022-2-4,2022-2-4,2022-2-4,2022-2-21,2022-2-4,0,0,journal-article,2560
10.12688/openreseurope.13715.2,10.12688,DARLENE – Improving situational awareness of European law enforcement agents through a combination of augmented reality and artificial intelligence solutions,en,Open Research Europe,2732-5121,F1000 Research Ltd,http://dx.doi.org/10.12688/openreseurope.13715.2,2022-1-21,2022-1-21,2022-1-21,2022-1-29,2022-1-21,38,0,journal-article,2560
10.12688/openreseurope.14234.2,10.12688,"Leveraging capabilities for the creation of a smart, healthy and personalized breakfast: a case study of collaborative innovation in the EU",en,Open Research Europe,2732-5121,F1000 Research Ltd,http://dx.doi.org/10.12688/openreseurope.14234.2,2022-2-14,2022-2-14,2022-2-14,2022-2-14,2022-2-14,18,0,journal-article,2560
10.12688/openreseurope.13420.2,10.12688,A data processing approach with built-in spatial resolution reduction methods to construct energy system models,en,Open Research Europe,2732-5121,F1000 Research Ltd,http://dx.doi.org/10.12688/openreseurope.13420.2,2022-2-10,2022-2-10,2022-2-10,2022-3-3,2022-2-10,60,0,journal-article,2560
10.12688/openreseurope.14508.1,10.12688,Nonlinear field-control of terahertz waves in random media for spatiotemporal focusing,en,Open Research Europe,2732-5121,F1000 Research Ltd,http://dx.doi.org/10.12688/openreseurope.14508.1,2022-3-8,2022-3-8,2022-3-8,2022-3-8,2022-3-8,67,0,journal-article,2560
10.12688/openreseurope.13193.1,10.12688,"Presence, flow, and narrative absorption: an interdisciplinary theoretical exploration with a new spatiotemporal integrated model based on predictive processing",en,Open Research Europe,2732-5121,F1000 Research Ltd,http://dx.doi.org/10.12688/openreseurope.13193.1,2021-3-26,2021-3-26,2021-3-26,2021-12-12,2021-3-26,195,0,journal-article,2560
10.12688/openreseurope.13578.1,10.12688,Direct oligonucleotide sequencing with nanopores,en,Open Research Europe,2732-5121,F1000 Research Ltd,http://dx.doi.org/10.12688/openreseurope.13578.1,2021-5-12,2021-5-12,2021-5-12,2021-12-15,2021-5-12,15,0,journal-article,2560
10.12688/openreseurope.13321.2,10.12688,Technologies for an inclusive robotics education,en,Open Research Europe,2732-5121,F1000 Research Ltd,http://dx.doi.org/10.12688/openreseurope.13321.2,2021-6-18,2021-6-18,2021-6-18,2021-12-15,2021-6-18,29,0,journal-article,2560
10.12688/openreseurope.13863.1,10.12688,Anti-symmetric Compton scattering in LiNiPO4: Towards a direct probe of the magneto-electric multipole moment,en,Open Research Europe,2732-5121,F1000 Research Ltd,http://dx.doi.org/10.12688/openreseurope.13863.1,2021-11-1,2021-11-1,2021-11-1,2021-12-15,2021-11-1,24,0,journal-article,2560
10.12688/openreseurope.13104.1,10.12688,A genomic exploration of the early evolution of extant cats and their sabre-toothed relatives,en,Open Research Europe,2732-5121,F1000 Research Ltd,http://dx.doi.org/10.12688/openreseurope.13104.1,2021-3-24,2021-3-24,2021-3-24,2021-12-20,2021-3-24,44,0,journal-article,2560
10.12688/openreseurope.13288.1,10.12688,Sustainable insulating foams based on recycled polyurethanes from construction and demolition wastes,en,Open Research Europe,2732-5121,F1000 Research Ltd,http://dx.doi.org/10.12688/openreseurope.13288.1,2021-4-19,2021-4-19,2021-4-19,2022-1-7,2021-4-19,20,1,journal-article,2560
10.12688/openreseurope.14422.1,10.12688,The Embassy of Good Science – a community driven initiative to promote ethics and integrity in research,en,Open Research Europe,2732-5121,F1000 Research Ltd,http://dx.doi.org/10.12688/openreseurope.14422.1,2022-3-2,2022-3-2,2022-3-2,2022-3-2,2022-3-2,38,0,journal-article,2560
10.12688/openreseurope.14041.1,10.12688,Implementing living evidence to inform health decisions: A strategy for building capacity in health sector (Protocol),en,Open Research Europe,2732-5121,F1000 Research Ltd,http://dx.doi.org/10.12688/openreseurope.14041.1,2021-9-28,2021-9-28,2021-9-28,2022-3-2,2021-9-28,29,2,journal-article,2560
10.12688/openreseurope.13633.1,10.12688,pyam: Analysis and visualisation of integrated assessment and macro-energy scenarios,en,Open Research Europe,2732-5121,F1000 Research Ltd,http://dx.doi.org/10.12688/openreseurope.13633.1,2021-6-28,2021-6-28,2021-6-28,2021-12-14,2021-6-28,35,0,journal-article,2560
10.12688/openreseurope.14017.1,10.12688,Properties of biomass powders resulting from the fine comminution of lignocellulosic feedstocks by three types of ball-mill set-up,en,Open Research Europe,2732-5121,F1000 Research Ltd,http://dx.doi.org/10.12688/openreseurope.14017.1,2021-10-19,2021-10-19,2021-10-19,2021-12-16,2021-10-19,47,0,journal-article,2560
10.12688/openreseurope.13627.1,10.12688,Verification and validation of an automated robot inspection cell for automotive body-in-white: a use case for the VALU3S ECSEL project,en,Open Research Europe,2732-5121,F1000 Research Ltd,http://dx.doi.org/10.12688/openreseurope.13627.1,2021-9-29,2021-9-29,2021-9-29,2021-12-14,2021-9-29,77,0,journal-article,2560
10.12688/openreseurope.14144.1,10.12688,Data assimilation and agent-based modelling: towards the incorporation of categorical agent parameters,en,Open Research Europe,2732-5121,F1000 Research Ltd,http://dx.doi.org/10.12688/openreseurope.14144.1,2021-10-27,2021-10-27,2021-10-27,2022-2-17,2021-10-27,30,0,journal-article,2560
10.12688/openreseurope.13834.2,10.12688,The future of education equity policy in a COVID-19 world: a qualitative systematic review of lessons from education policymaking,en,Open Research Europe,2732-5121,F1000 Research Ltd,http://dx.doi.org/10.12688/openreseurope.13834.2,2022-1-13,2022-1-13,2022-1-13,2022-2-17,2022-1-13,204,0,journal-article,2560
10.12688/openreseurope.13178.1,10.12688,The future of public health policymaking after COVID-19: a qualitative systematic review of lessons from Health in All Policies,en,Open Research Europe,2732-5121,F1000 Research Ltd,http://dx.doi.org/10.12688/openreseurope.13178.1,2021-3-24,2021-3-24,2021-3-24,2022-2-17,2021-3-24,181,7,journal-article,2560
10.12688/openreseurope.14040.1,10.12688,Natural language processing for aviation safety: extracting knowledge from publicly-available loss of separation reports,en,Open Research Europe,2732-5121,F1000 Research Ltd,http://dx.doi.org/10.12688/openreseurope.14040.1,2021-9-23,2021-9-23,2021-9-23,2022-2-18,2021-9-23,38,0,journal-article,2560
10.12688/openreseurope.13639.1,10.12688,How many online workers are there in the world? A data-driven assessment,en,Open Research Europe,2732-5121,F1000 Research Ltd,http://dx.doi.org/10.12688/openreseurope.13639.1,2021-5-19,2021-5-19,2021-5-19,2021-12-18,2021-5-19,27,0,journal-article,2560
10.12688/openreseurope.13578.2,10.12688,Direct oligonucleotide sequencing with nanopores,en,Open Research Europe,2732-5121,F1000 Research Ltd,http://dx.doi.org/10.12688/openreseurope.13578.2,2021-8-24,2021-8-24,2021-8-24,2021-12-17,2021-8-24,15,0,journal-article,2560
10.12688/openreseurope.13870.1,10.12688,Impact assessment methodology for connected and automated vehicles,en,Open Research Europe,2732-5121,F1000 Research Ltd,http://dx.doi.org/10.12688/openreseurope.13870.1,2021-9-7,2021-9-7,2021-9-7,2021-12-17,2021-9-7,20,0,journal-article,2560
10.12688/openreseurope.13008.2,10.12688,"Testing a computational model of causative overgeneralizations: Child judgment and production data from English, Hebrew, Hindi, Japanese and K’iche’",en,Open Research Europe,2732-5121,F1000 Research Ltd,http://dx.doi.org/10.12688/openreseurope.13008.2,2022-1-12,2022-1-12,2022-1-12,2022-1-26,2022-1-12,61,0,journal-article,2560
10.12688/openreseurope.13746.1,10.12688,An environmental evaluation framework for planning and monitoring of nature based solutions for sustainable urban management,en,Open Research Europe,2732-5121,F1000 Research Ltd,http://dx.doi.org/10.12688/openreseurope.13746.1,2021-8-20,2021-8-20,2021-8-20,2022-2-14,2021-8-20,41,0,journal-article,2560
10.12688/openreseurope.14234.1,10.12688,"Leveraging capabilities for the creation of a smart, healthy and personalized breakfast: a case study of innovation ecosystems in the EU",en,Open Research Europe,2732-5121,F1000 Research Ltd,http://dx.doi.org/10.12688/openreseurope.14234.1,2021-12-14,2021-12-14,2021-12-14,2022-2-14,2021-12-14,16,0,journal-article,2560
10.12688/openreseurope.13671.1,10.12688,The Salem simulator version 2.0: a tool for predicting the productivity of pure and mixed stands and simulating management operations,en,Open Research Europe,2732-5121,F1000 Research Ltd,http://dx.doi.org/10.12688/openreseurope.13671.1,2021-6-4,2021-6-4,2021-6-4,2022-2-15,2021-6-4,41,1,journal-article,2560
10.12688/openreseurope.13293.2,10.12688,Building long-term vision for rural areas through multi-actor platforms: a preliminary study in the Emilia-Romagna region,en,Open Research Europe,2732-5121,F1000 Research Ltd,http://dx.doi.org/10.12688/openreseurope.13293.2,2021-5-26,2021-5-26,2021-5-26,2021-12-10,2021-5-26,10,0,journal-article,2560
10.12688/openreseurope.13241.2,10.12688,Improving the touchscreen-based food approach-avoidance task: remediated block-order effects and initial findings regarding validity,en,Open Research Europe,2732-5121,F1000 Research Ltd,http://dx.doi.org/10.12688/openreseurope.13241.2,2021-6-3,2021-6-3,2021-6-3,2021-12-10,2021-6-3,59,0,journal-article,2560
10.12688/openreseurope.13782.1,10.12688,The ecomorphology of Caribou (Rangifer tarandus): a geometric morphometric study.,en,Open Research Europe,2732-5121,F1000 Research Ltd,http://dx.doi.org/10.12688/openreseurope.13782.1,2021-8-25,2021-8-25,2021-8-25,2022-2-1,2021-8-25,126,0,journal-article,2560
10.12688/openreseurope.14083.1,10.12688,A micro credential for interoperability,en,Open Research Europe,2732-5121,F1000 Research Ltd,http://dx.doi.org/10.12688/openreseurope.14083.1,2021-9-15,2021-9-15,2021-9-15,2022-2-1,2021-9-15,42,0,journal-article,2560
10.12688/openreseurope.13317.1,10.12688,Protocol for ethyl methanesulphonate (EMS) mutagenesis application in rice,en,Open Research Europe,2732-5121,F1000 Research Ltd,http://dx.doi.org/10.12688/openreseurope.13317.1,2021-3-24,2021-3-24,2021-3-24,2021-12-10,2021-3-24,17,0,journal-article,2560
10.12688/openreseurope.13705.1,10.12688,"Generational issues in linking family farming production, traditional food in diet, physical activity and obesity in Pacific Islands countries and territories: the case of the Melanesian population on Lifou Island",en,Open Research Europe,2732-5121,F1000 Research Ltd,http://dx.doi.org/10.12688/openreseurope.13705.1,2021-11-11,2021-11-11,2021-11-11,2021-12-19,2021-11-11,58,0,journal-article,2560
10.12688/openreseurope.13621.1,10.12688,Measuring the impact of publicly funded open innovation programmes: the case of Data Market Services Accelerator,en,Open Research Europe,2732-5121,F1000 Research Ltd,http://dx.doi.org/10.12688/openreseurope.13621.1,2021-6-18,2021-6-18,2021-6-18,2021-12-9,2021-6-18,18,0,journal-article,2560
10.12688/openreseurope.14133.1,10.12688,Ocean Lagrangian Trajectories (OLTraj): Lagrangian analysis for non-expert users,en,Open Research Europe,2732-5121,F1000 Research Ltd,http://dx.doi.org/10.12688/openreseurope.14133.1,2021-9-30,2021-9-30,2021-9-30,2021-12-18,2021-9-30,16,0,journal-article,2560
10.12688/openreseurope.13806.2,10.12688,Digital twins for managing railway maintenance and resilience,en,Open Research Europe,2732-5121,F1000 Research Ltd,http://dx.doi.org/10.12688/openreseurope.13806.2,2021-11-1,2021-11-1,2021-11-1,2021-12-19,2021-11-1,29,0,journal-article,2560
10.12688/openreseurope.13087.2,10.12688,A simple and cheap aerosol penetrometer for filter testing using an electronic cigarette.,en,Open Research Europe,2732-5121,F1000 Research Ltd,http://dx.doi.org/10.12688/openreseurope.13087.2,2021-7-7,2021-7-7,2021-7-7,2021-12-19,2021-7-7,28,0,journal-article,2560
10.12688/openreseurope.13689.2,10.12688,Record linkage of population-based cohort data from minors with national register data: a scoping review and comparative legal analysis of four European countries,en,Open Research Europe,2732-5121,F1000 Research Ltd,http://dx.doi.org/10.12688/openreseurope.13689.2,2021-9-27,2021-9-27,2021-9-27,2021-12-11,2021-9-27,90,0,journal-article,2560
10.12688/openreseurope.13362.1,10.12688,SESAME – a synchrotron light source in the Middle East: an international research infrastructure in the making,en,Open Research Europe,2732-5121,F1000 Research Ltd,http://dx.doi.org/10.12688/openreseurope.13362.1,2021-5-17,2021-5-17,2021-5-17,2021-12-11,2021-5-17,0,0,journal-article,2560
10.12688/openreseurope.13502.1,10.12688,Spatial variability of urban forest topsoil properties: towards representative and robust sampling design,en,Open Research Europe,2732-5121,F1000 Research Ltd,http://dx.doi.org/10.12688/openreseurope.13502.1,2021-4-29,2021-4-29,2021-4-29,2021-12-11,2021-4-29,39,0,journal-article,2560
10.12688/openreseurope.13217.1,10.12688,Academic promotion and leadership: ‘moving the needle’ for the enhancement of gender equality in Tunisian higher education institutional members of the RMEI network following the TARGET framework,en,Open Research Europe,2732-5121,F1000 Research Ltd,http://dx.doi.org/10.12688/openreseurope.13217.1,2021-3-24,2021-3-24,2021-3-24,2021-12-11,2021-3-24,13,0,journal-article,2560
10.12688/openreseurope.13138.2,10.12688,Building a safety buffer for European food security: the role of small-scale food production and local ecological and gastronomic knowledge in light of COVID-19,en,Open Research Europe,2732-5121,F1000 Research Ltd,http://dx.doi.org/10.12688/openreseurope.13138.2,2021-10-21,2021-10-21,2021-10-21,2022-3-2,2021-10-21,25,0,journal-article,2560
10.12688/openreseurope.13186.1,10.12688,"Naïve, unenculturated chimpanzees fail to make and use flaked stone tools",en,Open Research Europe,2732-5121,F1000 Research Ltd,http://dx.doi.org/10.12688/openreseurope.13186.1,2021-3-24,2021-3-24,2021-3-24,2022-3-8,2021-3-24,55,1,journal-article,2560
10.12688/openreseurope.13738.1,10.12688,Spontaneity of nuclear fusion: a qualitative analysis via classical thermodynamics,en,Open Research Europe,2732-5121,F1000 Research Ltd,http://dx.doi.org/10.12688/openreseurope.13738.1,2021-6-11,2021-6-11,2021-6-11,2021-12-21,2021-6-11,22,0,journal-article,2560
10.12688/openreseurope.14375.1,10.12688,Assessment of the efficacy of SARS-CoV-2 vaccines in non-human primate studies: a systematic review,en,Open Research Europe,2732-5121,F1000 Research Ltd,http://dx.doi.org/10.12688/openreseurope.14375.1,2022-1-7,2022-1-7,2022-1-7,2022-1-8,2022-1-7,50,0,journal-article,2560
10.12688/openreseurope.13935.1,10.12688,Data from a survey on the impact of the pandemic on early-stage academics,en,Open Research Europe,2732-5121,F1000 Research Ltd,http://dx.doi.org/10.12688/openreseurope.13935.1,2021-11-17,2021-11-17,2021-11-17,2022-2-8,2021-11-17,2,0,journal-article,2560
10.12688/openreseurope.13796.1,10.12688,Effective inter-organisational networks for Responsible Research and Innovation and global sustainability: a scoping review,en,Open Research Europe,2732-5121,F1000 Research Ltd,http://dx.doi.org/10.12688/openreseurope.13796.1,2021-11-30,2021-11-30,2021-11-30,2022-2-8,2021-11-30,68,0,journal-article,2560
10.12688/openreseurope.13716.1,10.12688,Demoulding process assessment of elastomers in micro-textured moulds,en,Open Research Europe,2732-5121,F1000 Research Ltd,http://dx.doi.org/10.12688/openreseurope.13716.1,2021-10-6,2021-10-6,2021-10-6,2022-2-24,2021-10-25,46,0,journal-article,2560
10.12688/openreseurope.13812.1,10.12688,Hydrogen production via aqueous-phase reforming for high-temperature proton exchange membrane fuel cells - a review,en,Open Research Europe,2732-5121,F1000 Research Ltd,http://dx.doi.org/10.12688/openreseurope.13812.1,2021-7-20,2021-7-20,2021-7-20,2022-2-24,2021-7-20,95,0,journal-article,2560
10.12688/openreseurope.14472.1,10.12688,“Frenemies” of innovation: understanding the role of coopetition in service innovation in emerging markets,en,Open Research Europe,2732-5121,F1000 Research Ltd,http://dx.doi.org/10.12688/openreseurope.14472.1,2022-2-24,2022-2-24,2022-2-24,2022-2-25,2022-2-24,96,0,journal-article,2560
10.12688/openreseurope.13987.2,10.12688,Chromosome-scale assembly of the yellow mealworm genome,en,Open Research Europe,2732-5121,F1000 Research Ltd,http://dx.doi.org/10.12688/openreseurope.13987.2,2022-2-25,2022-2-25,2022-2-25,2022-2-25,2022-2-25,46,0,journal-article,2560
10.12688/openreseurope.14156.1,10.12688,Local invertibility and sensitivity of atomic structure-feature mappings,en,Open Research Europe,2732-5121,F1000 Research Ltd,http://dx.doi.org/10.12688/openreseurope.14156.1,2021-10-20,2021-10-20,2021-10-20,2022-3-11,2021-10-20,32,2,journal-article,2560
10.12688/openreseurope.14176.1,10.12688,Hydrogen and deuterium charging of site-specific specimen for atom probe tomography,en,Open Research Europe,2732-5121,F1000 Research Ltd,http://dx.doi.org/10.12688/openreseurope.14176.1,2021-10-14,2021-10-14,2021-10-14,2022-3-10,2021-10-14,50,3,journal-article,2560
10.12688/openreseurope.13738.3,10.12688,Spontaneity of nuclear fusion: a qualitative analysis via classical thermodynamics,en,Open Research Europe,2732-5121,F1000 Research Ltd,http://dx.doi.org/10.12688/openreseurope.13738.3,2021-10-12,2021-10-12,2021-10-12,2022-1-21,2021-10-12,25,1,journal-article,2560
10.12688/openreseurope.13902.1,10.12688,Investigating syntactic priming cumulative effects in MT-human interaction,en,Open Research Europe,2732-5121,F1000 Research Ltd,http://dx.doi.org/10.12688/openreseurope.13902.1,2021-8-12,2021-8-12,2021-8-12,2022-2-4,2021-8-12,48,0,journal-article,2560
10.12688/openreseurope.14263.1,10.12688,A conceptual framework for monitoring socially responsible research and innovation (RRI) aligned to the UNESCO-led Recommendation on Science and Scientific Researchers,en,Open Research Europe,2732-5121,F1000 Research Ltd,http://dx.doi.org/10.12688/openreseurope.14263.1,2022-2-14,2022-2-14,2022-2-14,2022-3-9,2022-2-14,10,1,journal-article,2560
10.12688/openreseurope.13875.1,10.12688,A GC-IRMS method for measuring sulfur isotope ratios of carbonyl sulfide from small air samples,en,Open Research Europe,2732-5121,F1000 Research Ltd,http://dx.doi.org/10.12688/openreseurope.13875.1,2021-9-13,2021-9-13,2021-9-13,2022-3-8,2021-9-13,54,0,journal-article,2560
10.12688/openreseurope.13738.2,10.12688,Spontaneity of nuclear fusion: a qualitative analysis via classical thermodynamics,en,Open Research Europe,2732-5121,F1000 Research Ltd,http://dx.doi.org/10.12688/openreseurope.13738.2,2021-8-3,2021-8-3,2021-8-3,2021-12-10,2021-8-3,24,0,journal-article,2560
10.12688/openreseurope.13314.1,10.12688,Targeting MICA/B with cytotoxic therapeutic antibodies leads to tumor control,en,Open Research Europe,2732-5121,F1000 Research Ltd,http://dx.doi.org/10.12688/openreseurope.13314.1,2021-9-13,2021-9-13,2021-9-13,2021-12-10,2021-9-13,48,0,journal-article,2560
10.12688/openreseurope.13131.1,10.12688,Radical freedom: Periyar and women,en,Open Research Europe,2732-5121,F1000 Research Ltd,http://dx.doi.org/10.12688/openreseurope.13131.1,2021-3-24,2021-3-24,2021-3-24,2021-12-10,2021-3-24,0,0,journal-article,2560
10.12688/openreseurope.13277.1,10.12688,"Presence, flow, and narrative absorption questionnaires: a scoping review",en,Open Research Europe,2732-5121,F1000 Research Ltd,http://dx.doi.org/10.12688/openreseurope.13277.1,2021-3-24,2021-3-24,2021-3-24,2021-12-10,2021-3-24,49,1,journal-article,2560
10.12688/openreseurope.13744.1,10.12688,Ethyl lactate production by reactive distillation – optimization of reaction kinetics and energy efficiency,en,Open Research Europe,2732-5121,F1000 Research Ltd,http://dx.doi.org/10.12688/openreseurope.13744.1,2021-7-20,2021-7-20,2021-7-20,2021-12-9,2021-7-20,22,0,journal-article,2560
10.12688/openreseurope.13135.1,10.12688,A Google Earth Engine-enabled Python approach to improve identification of anthropogenic palaeo-landscape features,en,Open Research Europe,2732-5121,F1000 Research Ltd,http://dx.doi.org/10.12688/openreseurope.13135.1,2021-3-24,2021-3-24,2021-3-24,2021-12-10,2021-3-24,119,1,journal-article,2560
10.12688/openreseurope.13017.1,10.12688,Optimization and parallelization of the discrete ordinate method for radiation transport simulation in OpenFOAM: Hierarchical combination of shared and distributed memory approaches,en,Open Research Europe,2732-5121,F1000 Research Ltd,http://dx.doi.org/10.12688/openreseurope.13017.1,2021-3-24,2021-3-24,2021-3-24,2021-12-10,2021-3-24,26,0,journal-article,2560
10.12688/openreseurope.14386.1,10.12688,Life cycle analysis of the solar thermochemical energy storage scheme SOCRATCES,en,Open Research Europe,2732-5121,F1000 Research Ltd,http://dx.doi.org/10.12688/openreseurope.14386.1,2022-2-3,2022-2-3,2022-2-3,2022-2-5,2022-2-3,27,0,journal-article,2560
10.12688/openreseurope.13395.1,10.12688,Uncertainties of particulate organic carbon concentrations in the mesopelagic zone of the Atlantic ocean,en,Open Research Europe,2732-5121,F1000 Research Ltd,http://dx.doi.org/10.12688/openreseurope.13395.1,2021-4-23,2021-4-23,2021-4-23,2021-12-17,2021-4-23,58,0,journal-article,2560
10.12688/openreseurope.13933.2,10.12688,A policy response to workplace innovation for the rail sector,en,Open Research Europe,2732-5121,F1000 Research Ltd,http://dx.doi.org/10.12688/openreseurope.13933.2,2021-11-8,2021-11-8,2021-11-8,2021-12-17,2021-11-8,16,0,journal-article,2560
10.12688/openreseurope.14310.1,10.12688,Accelerating Large-Scale-Structure data analyses by emulating Boltzmann solvers and Lagrangian Perturbation Theory,en,Open Research Europe,2732-5121,F1000 Research Ltd,http://dx.doi.org/10.12688/openreseurope.14310.1,2021-12-16,2021-12-16,2021-12-16,2022-2-3,2021-12-16,47,1,journal-article,2560
10.12688/openreseurope.14018.1,10.12688,Fiber-coupled light-emitting diodes (LEDs) as safe and convenient light sources for the characterization of optoelectronic devices,en,Open Research Europe,2732-5121,F1000 Research Ltd,http://dx.doi.org/10.12688/openreseurope.14018.1,2021-8-23,2021-8-23,2021-8-23,2021-12-14,2021-8-23,29,0,journal-article,2560
10.12688/openreseurope.13314.2,10.12688,Targeting MICA/B with cytotoxic therapeutic antibodies leads to tumor control,en,Open Research Europe,2732-5121,F1000 Research Ltd,http://dx.doi.org/10.12688/openreseurope.13314.2,2021-10-27,2021-10-27,2021-10-27,2021-12-13,2021-10-27,51,0,journal-article,2560
10.12688/openreseurope.13893.2,10.12688,Industrial symbiosis platforms for synergy identification and their most important data points: a systematic review,en,Open Research Europe,2732-5121,F1000 Research Ltd,http://dx.doi.org/10.12688/openreseurope.13893.2,2021-11-1,2021-11-1,2021-11-1,2021-12-11,2021-11-1,41,0,journal-article,2560
10.12688/openreseurope.13204.1,10.12688,Ineffective humoral anti-tick IgY-response in birds: reaction against pathogen constituents?,en,Open Research Europe,2732-5121,F1000 Research Ltd,http://dx.doi.org/10.12688/openreseurope.13204.1,2021-3-24,2021-3-24,2021-3-24,2021-12-11,2021-3-24,34,0,journal-article,2560
10.12688/openreseurope.13873.1,10.12688,Conditions of life and death at Panama Viejo: a bioarchaeological study of human skeletal remains (1519-1671),en,Open Research Europe,2732-5121,F1000 Research Ltd,http://dx.doi.org/10.12688/openreseurope.13873.1,2021-8-4,2021-8-4,2021-8-4,2021-12-19,2021-8-4,107,0,journal-article,2560
10.12688/openreseurope.13231.2,10.12688,Leveraging the trust of nurses to advance a digital agenda in Europe: a critical review of health policy literature,en,Open Research Europe,2732-5121,F1000 Research Ltd,http://dx.doi.org/10.12688/openreseurope.13231.2,2021-5-13,2021-5-13,2021-5-13,2021-12-20,2021-5-13,42,0,journal-article,2560
10.12688/openreseurope.13260.2,10.12688,Ethics as attention to context: recommendations for the ethics of artificial intelligence,en,Open Research Europe,2732-5121,F1000 Research Ltd,http://dx.doi.org/10.12688/openreseurope.13260.2,2021-12-13,2021-12-13,2021-12-13,2021-12-17,2021-12-13,0,0,journal-article,2560
10.12688/openreseurope.13125.2,10.12688,Crossover comparison of climate-change adaptation measures taken in the Gdansk (Baltic-sea) and Rotterdam (Nord-sea) deltas.,en,Open Research Europe,2732-5121,F1000 Research Ltd,http://dx.doi.org/10.12688/openreseurope.13125.2,2021-10-13,2021-10-13,2021-10-13,2021-12-9,2021-10-13,26,0,journal-article,2560
10.12688/openreseurope.14135.2,10.12688,Direct laser writing of liquid crystal elastomers oriented by a horizontal electric field,en,Open Research Europe,2732-5121,F1000 Research Ltd,http://dx.doi.org/10.12688/openreseurope.14135.2,2021-11-19,2021-11-19,2021-11-19,2021-12-10,2021-11-19,48,0,journal-article,2560
10.12688/openreseurope.13411.1,10.12688,Skilled we-intentionality: Situating joint action in the living environment,en,Open Research Europe,2732-5121,F1000 Research Ltd,http://dx.doi.org/10.12688/openreseurope.13411.1,2021-5-21,2021-5-21,2021-5-21,2021-12-11,2021-5-21,72,0,journal-article,2560
10.12688/openreseurope.14010.1,10.12688,A digital territory to be appropriated: the state and the nationalization of cyberspace,en,Open Research Europe,2732-5121,F1000 Research Ltd,http://dx.doi.org/10.12688/openreseurope.14010.1,2021-10-6,2021-10-6,2021-10-6,2021-12-11,2021-10-6,43,0,journal-article,2560
10.12688/openreseurope.13293.1,10.12688,Building long-term vision for rural areas through multi-actor platforms: a preliminary study in the Emilia-Romagna region,en,Open Research Europe,2732-5121,F1000 Research Ltd,http://dx.doi.org/10.12688/openreseurope.13293.1,2021-4-21,2021-4-21,2021-4-21,2021-12-13,2021-4-21,10,0,journal-article,2560
10.12688/openreseurope.13861.1,10.12688,Geniac: Automatic Configuration GENerator and Installer for nextflow pipelines,en,Open Research Europe,2732-5121,F1000 Research Ltd,http://dx.doi.org/10.12688/openreseurope.13861.1,2021-7-2,2021-7-2,2021-7-2,2022-2-21,2021-7-2,24,0,journal-article,2560
10.12688/openreseurope.14281.1,10.12688,Wild snapdragon plant pedigree sheds light on limited connectivity enhanced by higher migrant reproductive success in a fragmented landscape,en,Open Research Europe,2732-5121,F1000 Research Ltd,http://dx.doi.org/10.12688/openreseurope.14281.1,2021-12-1,2021-12-1,2021-12-1,2022-2-21,2021-12-1,64,0,journal-article,2560
10.12688/openreseurope.13590.1,10.12688,Coexistence of chaotic attractor and unstable limit cycles in a 3D dynamical system,en,Open Research Europe,2732-5121,F1000 Research Ltd,http://dx.doi.org/10.12688/openreseurope.13590.1,2021-5-17,2021-5-17,2021-5-17,2021-12-19,2021-5-17,41,0,journal-article,2560
10.12688/openreseurope.14073.1,10.12688,"Theoretical spectroscopic study of acetyl (CH3CO), vinoxy (CH2CHO), and 1-methylvinoxy (CH3COCH2) radicals. Barrierless formation processes of acetone in the gas phase",en,Open Research Europe,2732-5121,F1000 Research Ltd,http://dx.doi.org/10.12688/openreseurope.14073.1,2021-9-30,2021-9-30,2021-9-30,2021-12-21,2021-9-30,68,0,journal-article,2560
10.12688/openreseurope.13744.2,10.12688,Ethyl lactate production by reactive distillation – optimization of reaction kinetics and energy efficiency,en,Open Research Europe,2732-5121,F1000 Research Ltd,http://dx.doi.org/10.12688/openreseurope.13744.2,2021-9-23,2021-9-23,2021-9-23,2021-12-22,2021-9-23,25,0,journal-article,2560
10.12688/openreseurope.13842.1,10.12688,"KSEMAW: an open source software for the analysis ofspectrophotometric, ellipsometric andphotothermal deflection spectroscopy measurements",en,Open Research Europe,2732-5121,F1000 Research Ltd,http://dx.doi.org/10.12688/openreseurope.13842.1,2021-8-18,2021-8-18,2021-8-18,2021-12-22,2021-8-18,39,0,journal-article,2560
10.12688/openreseurope.13008.1,10.12688,"Testing a computational model of causative overgeneralizations: Child judgment and production data from English, Hebrew, Hindi, Japanese and K’iche’",en,Open Research Europe,2732-5121,F1000 Research Ltd,http://dx.doi.org/10.12688/openreseurope.13008.1,2021-3-24,2021-3-24,2021-3-24,2022-1-27,2021-3-24,50,2,journal-article,2560
10.12688/openreseurope.13872.1,10.12688,The STArgardt Remofuscin Treatment Trial (STARTT): design and baseline characteristics of enrolled Stargardt patients,en,Open Research Europe,2732-5121,F1000 Research Ltd,http://dx.doi.org/10.12688/openreseurope.13872.1,2021-8-19,2021-8-19,2021-8-19,2022-1-26,2021-8-19,32,1,journal-article,2560
10.12688/openreseurope.13395.2,10.12688,Uncertainties of particulate organic carbon concentrations in the mesopelagic zone of the Atlantic ocean,en,Open Research Europe,2732-5121,F1000 Research Ltd,http://dx.doi.org/10.12688/openreseurope.13395.2,2021-9-6,2021-9-6,2021-9-6,2022-3-1,2021-9-6,69,1,journal-article,2560
10.12688/openreseurope.14135.1,10.12688,Direct laser writing of liquid crystal elastomers oriented by a horizontal electric field,en,Open Research Europe,2732-5121,F1000 Research Ltd,http://dx.doi.org/10.12688/openreseurope.14135.1,2021-10-25,2021-10-25,2021-10-25,2022-1-5,2021-10-25,38,0,journal-article,2560
10.12688/openreseurope.14178.1,10.12688,A collection of narrative practices on cultural heritage with innovative technologies and creative strategies,en,Open Research Europe,2732-5121,F1000 Research Ltd,http://dx.doi.org/10.12688/openreseurope.14178.1,2021-10-25,2021-10-25,2021-10-25,2022-1-5,2021-10-25,41,0,journal-article,2560
10.12688/openreseurope.13529.1,10.12688,Plasmids conferring resistance to extended-spectrum beta-lactamases including a rare IncN+IncR multireplicon carrying blaCTX-M-1 in Escherichia coli recovered from migrating barnacle geese (Branta leucopsis),en,Open Research Europe,2732-5121,F1000 Research Ltd,http://dx.doi.org/10.12688/openreseurope.13529.1,2021-5-4,2021-5-4,2021-5-4,2022-1-4,2021-5-4,88,2,journal-article,2560
10.12688/openreseurope.13677.1,10.12688,Knowledge sharing and discovery across heterogeneous research infrastructures,en,Open Research Europe,2732-5121,F1000 Research Ltd,http://dx.doi.org/10.12688/openreseurope.13677.1,2021-6-14,2021-6-14,2021-6-14,2022-1-29,2021-6-14,82,0,journal-article,2560
10.12688/openreseurope.14421.1,10.12688,Helios.TALK: A decentralised messaging framework that preserves the privacy of users,en,Open Research Europe,2732-5121,F1000 Research Ltd,http://dx.doi.org/10.12688/openreseurope.14421.1,2022-3-4,2022-3-4,2022-3-4,2022-3-4,2022-3-4,13,0,journal-article,2560
10.12688/openreseurope.13066.1,10.12688,Label-free super-resolution imaging below 90-nm using photon-reassignment,en,Open Research Europe,2732-5121,F1000 Research Ltd,http://dx.doi.org/10.12688/openreseurope.13066.1,2021-3-24,2021-3-24,2021-3-24,2022-3-4,2021-3-24,43,1,journal-article,2560
10.12688/openreseurope.13990.1,10.12688,Analysis of the concept of informal economy through 102 definitions: legality or necessity,en,Open Research Europe,2732-5121,F1000 Research Ltd,http://dx.doi.org/10.12688/openreseurope.13990.1,2021-11-4,2021-11-4,2021-11-4,2022-1-19,2021-11-4,161,0,journal-article,2560
10.12688/openreseurope.13420.1,10.12688,A data processing approach with built-in spatial resolution reduction methods to construct energy system models,en,Open Research Europe,2732-5121,F1000 Research Ltd,http://dx.doi.org/10.12688/openreseurope.13420.1,2021-4-19,2021-4-19,2021-4-19,2022-2-10,2021-4-19,56,1,journal-article,2560
10.12688/openreseurope.13906.1,10.12688,Drone-based electromagnetic survey system for geophysical applications,en,Open Research Europe,2732-5121,F1000 Research Ltd,http://dx.doi.org/10.12688/openreseurope.13906.1,2022-1-7,2022-1-7,2022-1-7,2022-2-15,2022-1-7,13,0,journal-article,2560
10.12688/openreseurope.13317.3,10.12688,Protocol for ethyl methanesulphonate (EMS) mutagenesis application in rice,en,Open Research Europe,2732-5121,F1000 Research Ltd,http://dx.doi.org/10.12688/openreseurope.13317.3,2022-2-14,2022-2-14,2022-2-14,2022-2-14,2022-2-14,23,0,journal-article,2560
10.12688/openreseurope.14435.1,10.12688,Knowledge and skill needs and challenges of innovation ecosystems in the Central-Eastern and South-Eastern European space sector,en,Open Research Europe,2732-5121,F1000 Research Ltd,http://dx.doi.org/10.12688/openreseurope.14435.1,2022-2-14,2022-2-14,2022-2-14,2022-2-14,2022-2-14,28,0,journal-article,2560
10.12688/openreseurope.14407.1,10.12688,Network learning and transitional change in a global project for transforming sustainability education.,en,Open Research Europe,2732-5121,F1000 Research Ltd,http://dx.doi.org/10.12688/openreseurope.14407.1,2022-2-18,2022-2-18,2022-2-18,2022-2-18,2022-2-18,28,0,journal-article,2560
10.12688/openreseurope.14283.1,10.12688,"ECORISK2050: An Innovative Training Network for predicting the effects of global change on the emission, fate, effects, and risks of chemicals in aquatic ecosystems",en,Open Research Europe,2732-5121,F1000 Research Ltd,http://dx.doi.org/10.12688/openreseurope.14283.1,2021-12-20,2021-12-20,2021-12-20,2022-2-18,2021-12-20,129,0,journal-article,2560
10.12688/openreseurope.14415.1,10.12688,Knowledge on hypertension in Myanmar: levels and groups at risk,en,Open Research Europe,2732-5121,F1000 Research Ltd,http://dx.doi.org/10.12688/openreseurope.14415.1,2022-1-28,2022-1-28,2022-1-28,2022-2-18,2022-1-28,46,0,journal-article,2560
10.12688/openreseurope.14354.2,10.12688,Modelling charge profiles of electric vehicles based on charges data,en,Open Research Europe,2732-5121,F1000 Research Ltd,http://dx.doi.org/10.12688/openreseurope.14354.2,2022-2-14,2022-2-14,2022-2-14,2022-2-17,2022-2-14,36,0,journal-article,2560
10.12688/openreseurope.13752.1,10.12688,Assessment of exposure determinants and exposure levels by using stationary concentration measurements and a probabilistic near-field/far-field exposure model,en,Open Research Europe,2732-5121,F1000 Research Ltd,http://dx.doi.org/10.12688/openreseurope.13752.1,2021-6-21,2021-6-21,2021-6-21,2022-2-17,2021-6-21,37,4,journal-article,2560
10.12688/openreseurope.14246.1,10.12688,Developing and testing the GlobalSCAPE science communicator diary survey: methodological pilot research findings to improve a repeated-measures survey design,en,Open Research Europe,2732-5121,F1000 Research Ltd,http://dx.doi.org/10.12688/openreseurope.14246.1,2022-2-8,2022-2-8,2022-2-8,2022-3-10,2022-2-8,4,0,journal-article,2560
10.12688/openreseurope.13723.2,10.12688,[2.2.2.2]Paracyclophanetetraenes (PCTs): cyclic structural analogues of poly(p‑phenylene vinylene)s (PPVs),en,Open Research Europe,2732-5121,F1000 Research Ltd,http://dx.doi.org/10.12688/openreseurope.13723.2,2022-3-10,2022-3-10,2022-3-10,2022-3-10,2022-3-10,39,0,journal-article,2560
10.12688/openreseurope.13633.2,10.12688,pyam: Analysis and visualisation of integrated assessment and macro-energy scenarios,en,Open Research Europe,2732-5121,F1000 Research Ltd,http://dx.doi.org/10.12688/openreseurope.13633.2,2021-9-1,2021-9-1,2021-9-1,2022-3-12,2021-9-1,34,2,journal-article,2560
10.12688/openreseurope.13015.2,10.12688,The abTEM code: transmission electron microscopy from first principles,en,Open Research Europe,2732-5121,F1000 Research Ltd,http://dx.doi.org/10.12688/openreseurope.13015.2,2021-5-21,2021-5-21,2021-5-21,2021-12-11,2021-5-21,59,1,journal-article,2560
10.12688/openreseurope.14313.1,10.12688,Methods based on a semi-empirical model for simulating scroll compressors with HFC and HFO refrigerants,en,Open Research Europe,2732-5121,F1000 Research Ltd,http://dx.doi.org/10.12688/openreseurope.14313.1,2021-12-8,2021-12-8,2021-12-8,2022-1-26,2021-12-8,24,0,journal-article,2560
10.12688/openreseurope.13677.2,10.12688,Knowledge sharing and discovery across heterogeneous research infrastructures,en,Open Research Europe,2732-5121,F1000 Research Ltd,http://dx.doi.org/10.12688/openreseurope.13677.2,2021-11-22,2021-11-22,2021-11-22,2022-1-29,2021-11-22,70,0,journal-article,2560
10.12688/openreseurope.13094.2,10.12688,Doctoral Studies as part of an Innovative Training Network (ITN): Early Stage Researcher (ESR) experiences,en,Open Research Europe,2732-5121,F1000 Research Ltd,http://dx.doi.org/10.12688/openreseurope.13094.2,2021-9-6,2021-9-6,2021-9-6,2021-12-20,2021-9-6,22,0,journal-article,2560
10.12688/openreseurope.14339.1,10.12688,"First steps towards the detection of contact layers in Bangime: a multi-disciplinary, computer-assisted approach",en,Open Research Europe,2732-5121,F1000 Research Ltd,http://dx.doi.org/10.12688/openreseurope.14339.1,2022-1-21,2022-1-21,2022-1-21,2022-2-22,2022-1-21,61,0,journal-article,2560
10.12688/openreseurope.13592.1,10.12688,Study on human subjects – influence of stress and alcohol in simulated traffic situations,en,Open Research Europe,2732-5121,F1000 Research Ltd,http://dx.doi.org/10.12688/openreseurope.13592.1,2021-7-27,2021-7-27,2021-7-27,2021-12-9,2021-7-27,24,0,journal-article,2560
10.12688/openreseurope.13342.2,10.12688,Data Management Plans in Horizon 2020: what beneficiaries think and what we can learn from their experience,en,Open Research Europe,2732-5121,F1000 Research Ltd,http://dx.doi.org/10.12688/openreseurope.13342.2,2022-2-21,2022-2-21,2022-2-21,2022-2-21,2022-2-21,14,0,journal-article,2560
10.12688/openreseurope.13096.1,10.12688,A systematic review of automated journalism scholarship: guidelines and suggestions for future research,en,Open Research Europe,2732-5121,F1000 Research Ltd,http://dx.doi.org/10.12688/openreseurope.13096.1,2021-3-24,2021-3-24,2021-3-24,2021-12-21,2021-3-24,94,2,journal-article,2560
10.12688/openreseurope.13255.1,10.12688,Do fluorocarbons substantially increase transdermal oxygen delivery? A proof-of-principle study in mice,en,Open Research Europe,2732-5121,F1000 Research Ltd,http://dx.doi.org/10.12688/openreseurope.13255.1,2021-4-19,2021-4-19,2021-4-19,2021-12-21,2021-4-19,23,0,journal-article,2560
10.12688/openreseurope.14147.1,10.12688,Mapping research on the social impact of the arts: what characterises the field?,en,Open Research Europe,2732-5121,F1000 Research Ltd,http://dx.doi.org/10.12688/openreseurope.14147.1,2021-10-18,2021-10-18,2021-10-18,2021-12-21,2021-10-19,90,0,journal-article,2560
10.12688/openreseurope.13428.2,10.12688,The critical issue of using lead for sustainable massive production of perovskite solar cells: a review of relevant literature,en,Open Research Europe,2732-5121,F1000 Research Ltd,http://dx.doi.org/10.12688/openreseurope.13428.2,2021-10-28,2021-10-28,2021-10-28,2021-12-21,2021-10-28,80,0,journal-article,2560
10.12688/openreseurope.13321.1,10.12688,Technologies for an inclusive robotics education,en,Open Research Europe,2732-5121,F1000 Research Ltd,http://dx.doi.org/10.12688/openreseurope.13321.1,2021-4-21,2021-4-21,2021-4-21,2021-12-9,2021-4-21,21,0,journal-article,2560
10.12688/openreseurope.13231.1,10.12688,Leveraging the trust of nurses to advance a digital agenda in Europe: a critical review of health policy literature,en,Open Research Europe,2732-5121,F1000 Research Ltd,http://dx.doi.org/10.12688/openreseurope.13231.1,2021-3-26,2021-3-26,2021-3-26,2021-12-8,2021-3-26,41,0,journal-article,2560
10.12688/openreseurope.13094.1,10.12688,Doctoral Studies as part of an Innovative Training Network (ITN): Early Stage Researcher (ESR) experiences,en,Open Research Europe,2732-5121,F1000 Research Ltd,http://dx.doi.org/10.12688/openreseurope.13094.1,2021-4-7,2021-4-7,2021-4-7,2021-12-18,2021-4-7,15,0,journal-article,2560
10.12688/openreseurope.13253.1,10.12688,A summer of phobias: media discourses on ‘radical’ acts of dissent against ‘mass tourism’ in Barcelona,en,Open Research Europe,2732-5121,F1000 Research Ltd,http://dx.doi.org/10.12688/openreseurope.13253.1,2021-6-10,2021-6-10,2021-6-10,2021-12-10,2021-6-10,77,1,journal-article,2560
10.12688/openreseurope.13259.1,10.12688,"‘Baltic catacombs.’ Translating corpisanti catacomb relic-sculptures between Rome, Polish Livonia, and the Lithuanian Grand Duchy circa 1750-1800",en,Open Research Europe,2732-5121,F1000 Research Ltd,http://dx.doi.org/10.12688/openreseurope.13259.1,2021-3-24,2021-3-24,2021-3-24,2021-12-9,2021-3-24,0,0,journal-article,2560
10.12688/openreseurope.14088.1,10.12688,Responses to digital disinformation as part of hybrid threats: a systematic review on the effects of disinformation and the effectiveness of fact-checking/debunking,en,Open Research Europe,2732-5121,F1000 Research Ltd,http://dx.doi.org/10.12688/openreseurope.14088.1,2022-1-13,2022-1-13,2022-1-13,2022-1-27,2022-1-13,64,0,journal-article,2560
10.12688/openreseurope.13639.3,10.12688,How many online workers are there in the world? A data-driven assessment,en,Open Research Europe,2732-5121,F1000 Research Ltd,http://dx.doi.org/10.12688/openreseurope.13639.3,2021-10-7,2021-10-7,2021-10-7,2021-12-11,2021-10-7,27,0,journal-article,2560
10.12688/openreseurope.14406.1,10.12688,"Local ecological knowledge and folk medicine in historical Estonia, Livonia, Courland, and Galicia, 1805-1905",en,Open Research Europe,2732-5121,F1000 Research Ltd,http://dx.doi.org/10.12688/openreseurope.14406.1,2022-3-4,2022-3-4,2022-3-4,2022-3-4,2022-3-4,25,0,journal-article,2560
10.12688/openreseurope.14290.1,10.12688,Fecal microbiota transplantation for treatment of moderate to severe ulcerative colitis: a living systematic review protocol,en,Open Research Europe,2732-5121,F1000 Research Ltd,http://dx.doi.org/10.12688/openreseurope.14290.1,2022-2-7,2022-2-7,2022-2-7,2022-3-4,2022-2-7,20,0,journal-article,2560
10.12688/openreseurope.13104.2,10.12688,A genomic exploration of the early evolution of extant cats and their sabre-toothed relatives,en,Open Research Europe,2732-5121,F1000 Research Ltd,http://dx.doi.org/10.12688/openreseurope.13104.2,2021-6-21,2021-6-21,2021-6-21,2021-12-13,2021-6-21,44,0,journal-article,2560
10.12688/openreseurope.13087.1,10.12688,A simple and cheap aerosol penetrometer for filter testing using an electronic cigarette.,en,Open Research Europe,2732-5121,F1000 Research Ltd,http://dx.doi.org/10.12688/openreseurope.13087.1,2021-3-24,2021-3-24,2021-3-24,2021-12-13,2021-3-24,26,1,journal-article,2560
10.12688/openreseurope.13069.1,10.12688,"Promoting citizen science in the energy sector: Generation Solar, an open database of small-scale solar photovoltaic installations",en,Open Research Europe,2732-5121,F1000 Research Ltd,http://dx.doi.org/10.12688/openreseurope.13069.1,2021-3-24,2021-3-24,2021-3-24,2021-12-14,2021-3-24,24,0,journal-article,2560
10.12688/openreseurope.13700.2,10.12688,Assessing the generalisability of a multicentre qualitative dementia research: the experience and challenges faced by the MinD project in Europe,en,Open Research Europe,2732-5121,F1000 Research Ltd,http://dx.doi.org/10.12688/openreseurope.13700.2,2021-9-9,2021-9-9,2021-9-9,2021-12-17,2021-9-9,53,0,journal-article,2560
10.12688/openreseurope.14133.2,10.12688,Ocean Lagrangian Trajectories (OLTraj): Lagrangian analysis for non-expert users,en,Open Research Europe,2732-5121,F1000 Research Ltd,http://dx.doi.org/10.12688/openreseurope.14133.2,2021-11-15,2021-11-15,2021-11-15,2021-12-19,2021-11-15,22,0,journal-article,2560
10.12688/openreseurope.14318.1,10.12688,Defining discovery: Is Google Scholar a discovery platform? An essay on the need for a new approach to scholarly discovery,en,Open Research Europe,2732-5121,F1000 Research Ltd,http://dx.doi.org/10.12688/openreseurope.14318.1,2022-3-2,2022-3-2,2022-3-2,2022-3-2,2022-3-2,47,0,journal-article,2560
10.12688/openreseurope.13138.1,10.12688,Building a safety buffer for European food security: the role of small-scale food production and local ecological and gastronomic knowledge in light of COVID-19,en,Open Research Europe,2732-5121,F1000 Research Ltd,http://dx.doi.org/10.12688/openreseurope.13138.1,2021-3-24,2021-3-24,2021-3-24,2022-3-2,2021-3-24,15,3,journal-article,2560
10.12688/openreseurope.14074.2,10.12688,Identifying knowledge gaps for successful restorative aquaculture of Ostrea edulis: a bibliometric analysis,en,Open Research Europe,2732-5121,F1000 Research Ltd,http://dx.doi.org/10.12688/openreseurope.14074.2,2022-1-12,2022-1-12,2022-1-12,2022-3-2,2022-1-12,60,0,journal-article,2560
10.12688/openreseurope.14315.1,10.12688,A reflection on participatory research methodologies in the light of the COVID-19 – lessons learnt from the European Research Project TRIPS,en,Open Research Europe,2732-5121,F1000 Research Ltd,http://dx.doi.org/10.12688/openreseurope.14315.1,2021-12-16,2021-12-16,2021-12-16,2022-1-20,2021-12-16,36,0,journal-article,2560
10.12688/openreseurope.13923.1,10.12688,Affordable and effective optokinetic response methods to assess visual acuity and contrast sensitivity in larval to juvenile zebrafish,en,Open Research Europe,2732-5121,F1000 Research Ltd,http://dx.doi.org/10.12688/openreseurope.13923.1,2021-8-12,2021-8-12,2021-8-12,2022-1-11,2021-8-12,29,1,journal-article,2560
10.12688/openreseurope.14279.1,10.12688,The WOOL Dialogue Platform: Enabling Interdisciplinary User-Friendly Development of Dialogue for Conversational Agents,en,Open Research Europe,2732-5121,F1000 Research Ltd,http://dx.doi.org/10.12688/openreseurope.14279.1,2022-1-13,2022-1-13,2022-1-13,2022-3-9,2022-1-13,72,0,journal-article,2560
10.12688/openreseurope.13812.2,10.12688,Hydrogen production via aqueous-phase reforming for high-temperature proton exchange membrane fuel cells - a review,en,Open Research Europe,2732-5121,F1000 Research Ltd,http://dx.doi.org/10.12688/openreseurope.13812.2,2021-9-29,2021-9-29,2021-9-29,2022-3-9,2021-9-29,103,1,journal-article,2560
10.12688/openreseurope.14300.1,10.12688,Alternative Types of Ambiguity and their Effects on Climate Change Regulation,en,Open Research Europe,2732-5121,F1000 Research Ltd,http://dx.doi.org/10.12688/openreseurope.14300.1,2022-1-21,2022-1-21,2022-1-21,2022-1-21,2022-1-21,19,0,journal-article,2560
10.12688/openreseurope.13795.1,10.12688,Genomic evidence for the parallel regression of melatonin synthesis and signaling pathways in placental mammals,en,Open Research Europe,2732-5121,F1000 Research Ltd,http://dx.doi.org/10.12688/openreseurope.13795.1,2021-7-1,2021-7-1,2021-7-1,2022-1-24,2021-7-1,103,2,journal-article,2560
10.12688/openreseurope.14378.2,10.12688,Inhibition of vacuum sublimation artefacts for (Scanning) Transmission Electron Microscopy ((S)TEM) of sulphur samples via encapsulation,en,Open Research Europe,2732-5121,F1000 Research Ltd,http://dx.doi.org/10.12688/openreseurope.14378.2,2022-2-1,2022-2-1,2022-2-1,2022-2-1,2022-2-1,22,0,journal-article,2560
10.12688/openreseurope.14232.1,10.12688,Global indicators framework for socially responsible research and innovation (RRI): How to monitor public and researcher perspectives,en,Open Research Europe,2732-5121,F1000 Research Ltd,http://dx.doi.org/10.12688/openreseurope.14232.1,2022-3-10,2022-3-10,2022-3-10,2022-3-10,2022-3-10,13,0,journal-article,2560
10.12688/openreseurope.13288.2,10.12688,Sustainable insulating foams based on recycled polyurethanes from construction and demolition wastes,en,Open Research Europe,2732-5121,F1000 Research Ltd,http://dx.doi.org/10.12688/openreseurope.13288.2,2021-12-16,2021-12-16,2021-12-16,2022-2-9,2021-12-16,20,0,journal-article,2560
10.12688/openreseurope.14275.1,10.12688,Revisiting the Rist diagram for predicting operating conditions in blast furnaces with multiple injections,en,Open Research Europe,2732-5121,F1000 Research Ltd,http://dx.doi.org/10.12688/openreseurope.14275.1,2021-11-29,2021-11-29,2021-11-29,2022-2-8,2021-11-29,39,0,journal-article,2560
10.12688/openreseurope.13392.2,10.12688,A spatiotemporal atlas of hydropower in Africa for energy modelling purposes,en,Open Research Europe,2732-5121,F1000 Research Ltd,http://dx.doi.org/10.12688/openreseurope.13392.2,2021-12-22,2021-12-22,2021-12-22,2022-2-25,2021-12-22,55,0,journal-article,2560
10.12688/openreseurope.14301.1,10.12688,Validation of a lithium-ion commercial battery pack model using experimental data for stationary energy management application,en,Open Research Europe,2732-5121,F1000 Research Ltd,http://dx.doi.org/10.12688/openreseurope.14301.1,2022-2-3,2022-2-3,2022-2-3,2022-2-23,2022-2-3,50,0,journal-article,2560
10.12688/openreseurope.13428.1,10.12688,The critical issue of using lead for sustainable massive production of perovskite solar cells: a review of relevant literature,en,Open Research Europe,2732-5121,F1000 Research Ltd,http://dx.doi.org/10.12688/openreseurope.13428.1,2021-4-23,2021-4-23,2021-4-23,2022-3-5,2021-4-23,66,2,journal-article,2560
10.12688/openreseurope.13875.2,10.12688,A GC-IRMS method for measuring sulfur isotope ratios of carbonyl sulfide from small air samples,en,Open Research Europe,2732-5121,F1000 Research Ltd,http://dx.doi.org/10.12688/openreseurope.13875.2,2022-3-8,2022-3-8,2022-3-8,2022-3-8,2022-3-8,56,0,journal-article,2560
10.12688/openreseurope.14205.1,10.12688,Evidence-based research impact praxis: Integrating scholarship and practice to ensure research benefits society,en,Open Research Europe,2732-5121,F1000 Research Ltd,http://dx.doi.org/10.12688/openreseurope.14205.1,2021-11-16,2021-11-16,2021-11-16,2022-3-7,2021-11-16,48,0,journal-article,2560
10.12688/openreseurope.13641.2,10.12688,Embodying an artificial hand increases blood flow to the investigated limb,en,Open Research Europe,2732-5121,F1000 Research Ltd,http://dx.doi.org/10.12688/openreseurope.13641.2,2021-11-2,2021-11-2,2021-11-2,2021-12-22,2021-11-2,85,0,journal-article,2560
10.12688/openreseurope.13196.1,10.12688,"Ambiguity aversion, modern Bayesianism and small worlds",en,Open Research Europe,2732-5121,F1000 Research Ltd,http://dx.doi.org/10.12688/openreseurope.13196.1,2021-3-24,2021-3-24,2021-3-24,2021-12-20,2021-3-24,31,0,journal-article,2560
10.12688/openreseurope.14040.2,10.12688,Natural language processing for aviation safety: extracting knowledge from publicly-available loss of separation reports,en,Open Research Europe,2732-5121,F1000 Research Ltd,http://dx.doi.org/10.12688/openreseurope.14040.2,2022-2-18,2022-2-18,2022-2-18,2022-2-18,2022-2-18,38,0,journal-article,2560
10.12688/openreseurope.14115.1,10.12688,Implementation of a software defined FLISR solution on an active distribution grid,en,Open Research Europe,2732-5121,F1000 Research Ltd,http://dx.doi.org/10.12688/openreseurope.14115.1,2021-11-29,2021-11-29,2021-11-29,2022-2-17,2021-11-29,17,0,journal-article,2560
10.12688/openreseurope.13073.1,10.12688,Simple and robust method for determination of laser fluence thresholds for material modifications: an extension of Liu’s approach to imperfect beams,en,Open Research Europe,2732-5121,F1000 Research Ltd,http://dx.doi.org/10.12688/openreseurope.13073.1,2021-3-24,2021-3-24,2021-3-24,2022-2-15,2021-3-24,35,3,journal-article,2560
10.12688/openreseurope.13398.1,10.12688,A pilot study of risk-stratified cervical cancer screening,en,Open Research Europe,2732-5121,F1000 Research Ltd,http://dx.doi.org/10.12688/openreseurope.13398.1,2021-7-27,2021-7-27,2021-7-27,2021-12-20,2021-7-27,16,0,journal-article,2560
10.12688/openreseurope.13125.1,10.12688,Cross-over analysis of the climate-change delta situation of the cities Gdansk (Baltic-sea) and Rotterdam (Nord-sea),en,Open Research Europe,2732-5121,F1000 Research Ltd,http://dx.doi.org/10.12688/openreseurope.13125.1,2021-3-24,2021-3-24,2021-3-24,2021-12-13,2021-3-24,19,0,journal-article,2560
10.12688/openreseurope.13726.1,10.12688,The power of the people: the meaning of kratos in dēmokratia,en,Open Research Europe,2732-5121,F1000 Research Ltd,http://dx.doi.org/10.12688/openreseurope.13726.1,2021-5-25,2021-5-25,2021-5-25,2021-12-13,2021-5-25,0,0,journal-article,2560
10.12688/openreseurope.13683.2,10.12688,COVID-19 vs. stakeholder engagement: the impact of coronavirus containment measures on stakeholder involvement in European energy research projects,en,Open Research Europe,2732-5121,F1000 Research Ltd,http://dx.doi.org/10.12688/openreseurope.13683.2,2021-9-27,2021-9-27,2021-9-27,2021-12-9,2021-9-27,27,0,journal-article,2560
10.12688/openreseurope.13716.2,10.12688,Demoulding process assessment of elastomers in micro-textured moulds,en,Open Research Europe,2732-5121,F1000 Research Ltd,http://dx.doi.org/10.12688/openreseurope.13716.2,2022-2-24,2022-2-24,2022-2-24,2022-2-25,2022-2-24,51,0,journal-article,2560
10.12688/openreseurope.13271.1,10.12688,"The SUNShINE platform: efficiency, transparency and standardization in the dEEP renovation process of multi-family buildings",en,Open Research Europe,2732-5121,F1000 Research Ltd,http://dx.doi.org/10.12688/openreseurope.13271.1,2021-7-28,2021-7-28,2021-7-28,2021-12-18,2021-7-28,15,0,journal-article,2560
10.12688/openreseurope.13241.3,10.12688,Improving the touchscreen-based food approach-avoidance task: remediated block-order effects and initial findings regarding validity,en,Open Research Europe,2732-5121,F1000 Research Ltd,http://dx.doi.org/10.12688/openreseurope.13241.3,2021-8-20,2021-8-20,2021-8-20,2021-12-16,2021-8-20,59,0,journal-article,2560
10.12688/openreseurope.13853.1,10.12688,‘Care literacy’ in super aging Japan,en,Open Research Europe,2732-5121,F1000 Research Ltd,http://dx.doi.org/10.12688/openreseurope.13853.1,2021-7-27,2021-7-27,2021-7-27,2021-12-12,2021-7-27,31,1,journal-article,2560
10.12688/openreseurope.14044.1,10.12688,Methods for living evidence synthesis: a systematic review protocol,en,Open Research Europe,2732-5121,F1000 Research Ltd,http://dx.doi.org/10.12688/openreseurope.14044.1,2021-9-28,2021-9-28,2021-9-28,2021-12-19,2021-9-28,23,1,journal-article,2560
10.12688/openreseurope.13700.1,10.12688,"Applying a multicentre, interdisciplinary approach to strengthen the generalisability of qualitative dementia research: the experience and challenges faced by the MinD project in Europe",en,Open Research Europe,2732-5121,F1000 Research Ltd,http://dx.doi.org/10.12688/openreseurope.13700.1,2021-6-10,2021-6-10,2021-6-10,2021-12-12,2021-6-10,53,0,journal-article,2560
10.12688/openreseurope.14148.1,10.12688,Design Authorship: an intrinsic driver of designer-entrepreneurs,en,Open Research Europe,2732-5121,F1000 Research Ltd,http://dx.doi.org/10.12688/openreseurope.14148.1,2021-11-2,2021-11-2,2021-11-2,2021-12-11,2021-11-2,64,0,journal-article,2560
10.12688/openreseurope.13358.1,10.12688,The existential stakes of platform governance and online content regulation: a critical conceptual model,en,Open Research Europe,2732-5121,F1000 Research Ltd,http://dx.doi.org/10.12688/openreseurope.13358.1,2021-3-31,2021-3-31,2021-3-31,2021-12-14,2021-3-31,56,0,journal-article,2560
10.12688/openreseurope.13317.2,10.12688,Protocol for ethyl methanesulphonate (EMS) mutagenesis application in rice,en,Open Research Europe,2732-5121,F1000 Research Ltd,http://dx.doi.org/10.12688/openreseurope.13317.2,2021-10-8,2021-10-8,2021-10-8,2022-2-14,2021-10-10,19,0,journal-article,2560
10.12688/openreseurope.13671.2,10.12688,The Salem simulator version 2.0: a tool for predicting the productivity of pure and mixed forest stands and simulating management operations,en,Open Research Europe,2732-5121,F1000 Research Ltd,http://dx.doi.org/10.12688/openreseurope.13671.2,2021-11-1,2021-11-1,2021-11-1,2021-12-17,2021-11-1,46,0,journal-article,2560
10.12688/openreseurope.14198.1,10.12688,Co-feeding of vacuum gas oil and pinewood-derived hydrogenated pyrolysis oils in a fluid catalytic cracking pilot plant to generate olefins and gasoline,en,Open Research Europe,2732-5121,F1000 Research Ltd,http://dx.doi.org/10.12688/openreseurope.14198.1,2021-11-30,2021-11-30,2021-11-30,2021-12-21,2021-11-30,20,0,journal-article,2560
10.12688/openreseurope.13639.4,10.12688,How many online workers are there in the world? A data-driven assessment,en,Open Research Europe,2732-5121,F1000 Research Ltd,http://dx.doi.org/10.12688/openreseurope.13639.4,2021-10-15,2021-10-15,2021-10-15,2021-12-21,2021-10-15,27,1,journal-article,2560
10.12688/openreseurope.13135.2,10.12688,A Google Earth Engine-enabled Python approach for the identification of anthropogenic palaeo-landscape features,en,Open Research Europe,2732-5121,F1000 Research Ltd,http://dx.doi.org/10.12688/openreseurope.13135.2,2021-9-3,2021-9-3,2021-9-3,2021-12-21,2021-9-6,140,0,journal-article,2560
10.12688/openreseurope.14378.1,10.12688,Inhibition of vacuum sublimation artefacts for (Scanning) Transmission Electron Microscopy ((S)TEM) of sulphur samples via encapsulation,en,Open Research Europe,2732-5121,F1000 Research Ltd,http://dx.doi.org/10.12688/openreseurope.14378.1,2022-1-4,2022-1-4,2022-1-4,2022-1-21,2022-1-4,21,0,journal-article,2560
10.12688/openreseurope.14109.1,10.12688,FLEXGRID – A novel smart grid architecture that facilitates high-RES penetration through innovative flexibility markets towards efficient stakeholder interaction,en,Open Research Europe,2732-5121,F1000 Research Ltd,http://dx.doi.org/10.12688/openreseurope.14109.1,2021-10-22,2021-10-22,2021-10-22,2021-12-25,2021-10-22,19,0,journal-article,2560
10.12688/openreseurope.13972.1,10.12688,Manipulating and measuring single atoms in the Maltese cross geometry,en,Open Research Europe,2732-5121,F1000 Research Ltd,http://dx.doi.org/10.12688/openreseurope.13972.1,2021-9-6,2021-9-6,2021-9-6,2022-3-3,2021-9-6,44,0,journal-article,2560
10.12688/openreseurope.13972.2,10.12688,Manipulating and measuring single atoms in the Maltese cross geometry,en,Open Research Europe,2732-5121,F1000 Research Ltd,http://dx.doi.org/10.12688/openreseurope.13972.2,2022-3-3,2022-3-3,2022-3-3,2022-3-3,2022-3-3,46,0,journal-article,2560
10.12688/openreseurope.14524.1,10.12688,From P4 medicine to P5 medicine: transitional times for a more human-centric approach to AI-based tools for hospitals of tomorrow,en,Open Research Europe,2732-5121,F1000 Research Ltd,http://dx.doi.org/10.12688/openreseurope.14524.1,2022-3-9,2022-3-9,2022-3-9,2022-3-9,2022-3-9,48,0,journal-article,2560
10.12688/openreseurope.13923.2,10.12688,Affordable and effective optokinetic response methods to assess visual acuity and contrast sensitivity in larval to juvenile zebrafish,en,Open Research Europe,2732-5121,F1000 Research Ltd,http://dx.doi.org/10.12688/openreseurope.13923.2,2022-1-6,2022-1-6,2022-1-6,2022-1-12,2022-1-6,29,0,journal-article,2560
10.12688/openreseurope.14306.1,10.12688,Hydrothermal carbonization as an alternative sanitation technology: process optimization and development of low-cost reactor,en,Open Research Europe,2732-5121,F1000 Research Ltd,http://dx.doi.org/10.12688/openreseurope.14306.1,2021-11-26,2021-11-26,2021-11-26,2022-1-19,2021-11-26,42,0,journal-article,2560
10.12688/openreseurope.14367.1,10.12688,Evaluation of the potential benefits of iron supplementation in organic pig farming,en,Open Research Europe,2732-5121,F1000 Research Ltd,http://dx.doi.org/10.12688/openreseurope.14367.1,2022-1-24,2022-1-24,2022-1-24,2022-2-8,2022-1-24,23,0,journal-article,2560
10.12688/openreseurope.13015.1,10.12688,The abTEM code: transmission electron microscopy from first principles,en,Open Research Europe,2732-5121,F1000 Research Ltd,http://dx.doi.org/10.12688/openreseurope.13015.1,2021-3-24,2021-3-24,2021-3-24,2022-2-10,2021-3-24,58,5,journal-article,2560
10.12688/openreseurope.13634.1,10.12688,Researching and practicing ARTIVISM through field-crossing: an innovative method for collaborative research,en,Open Research Europe,2732-5121,F1000 Research Ltd,http://dx.doi.org/10.12688/openreseurope.13634.1,2021-9-13,2021-9-13,2021-9-13,2022-2-10,2021-9-13,46,0,journal-article,2560
10.12688/openreseurope.14074.1,10.12688,Identifying knowledge gaps for successful restorative aquaculture of Ostrea edulis: a bibliometric analysis,en,Open Research Europe,2732-5121,F1000 Research Ltd,http://dx.doi.org/10.12688/openreseurope.14074.1,2021-9-6,2021-9-6,2021-9-6,2022-1-13,2021-9-6,50,0,journal-article,2560
10.12688/openreseurope.14325.1,10.12688,Evaluating researcher and stakeholder perspectives on socially responsible research and innovation practices in research performing organisations,en,Open Research Europe,2732-5121,F1000 Research Ltd,http://dx.doi.org/10.12688/openreseurope.14325.1,2021-12-14,2021-12-14,2021-12-14,2022-1-14,2021-12-14,8,0,journal-article,2560
10.12688/openreseurope.13795.2,10.12688,Genomic evidence for the parallel regression of melatonin synthesis and signaling pathways in placental mammals,en,Open Research Europe,2732-5121,F1000 Research Ltd,http://dx.doi.org/10.12688/openreseurope.13795.2,2021-12-13,2021-12-13,2021-12-13,2022-1-24,2021-12-13,112,0,journal-article,2560
10.12688/openreseurope.14361.1,10.12688,Non-combustion non-solar deployment characterization of a free-piston Stirling engine to integrate with an exothermic reactor,en,Open Research Europe,2732-5121,F1000 Research Ltd,http://dx.doi.org/10.12688/openreseurope.14361.1,2021-12-21,2021-12-21,2021-12-21,2022-2-3,2021-12-21,11,0,journal-article,2560
10.12688/openreseurope.14033.1,10.12688,Enabling transdisciplinary research: Suggestions for avoiding `road-blocks' based on a case study,en,Open Research Europe,2732-5121,F1000 Research Ltd,http://dx.doi.org/10.12688/openreseurope.14033.1,2021-12-3,2021-12-3,2021-12-3,2022-1-25,2021-12-3,11,0,journal-article,2560
10.12688/openreseurope.14332.1,10.12688,Dynamic participation in local energy communities with peer-to-peer trading,en,Open Research Europe,2732-5121,F1000 Research Ltd,http://dx.doi.org/10.12688/openreseurope.14332.1,2022-1-11,2022-1-11,2022-1-11,2022-1-26,2022-1-11,64,0,journal-article,2560
10.12688/openreseurope.14344.1,10.12688,Human papillomavirus (HPV) detection in vaginal self-samples: evaluation of eNat® as an alternative suspension medium to ThinPrep®PreservCyt® for vaginal swabs,en,Open Research Europe,2732-5121,F1000 Research Ltd,http://dx.doi.org/10.12688/openreseurope.14344.1,2022-3-10,2022-3-10,2022-3-10,2022-3-10,2022-3-10,20,0,journal-article,2560
10.12688/openreseurope.13723.1,10.12688,[2.2.2.2]Paracyclophanetetraenes (PCTs): cyclic structural analogues of poly(p‑phenylene vinylene)s (PPVs),en,Open Research Europe,2732-5121,F1000 Research Ltd,http://dx.doi.org/10.12688/openreseurope.13723.1,2021-9-23,2021-9-23,2021-9-23,2022-3-10,2021-9-23,36,1,journal-article,2560
10.12688/openreseurope.13806.1,10.12688,Digital twins for managing railway maintenance and resilience,en,Open Research Europe,2732-5121,F1000 Research Ltd,http://dx.doi.org/10.12688/openreseurope.13806.1,2021-8-4,2021-8-4,2021-8-4,2021-12-8,2021-8-4,28,0,journal-article,2560
10.12688/openreseurope.13893.1,10.12688,Industrial symbiosis platforms for synergy identification and their most important data points: a systematic review,en,Open Research Europe,2732-5121,F1000 Research Ltd,http://dx.doi.org/10.12688/openreseurope.13893.1,2021-8-31,2021-8-31,2021-8-31,2021-12-13,2021-8-31,37,0,journal-article,2560
10.12688/openreseurope.13781.1,10.12688,Superradiant lasing in inhomogeneously broadened ensembles with spatially varying coupling,en,Open Research Europe,2732-5121,F1000 Research Ltd,http://dx.doi.org/10.12688/openreseurope.13781.1,2021-6-25,2021-6-25,2021-6-25,2021-12-19,2021-6-25,37,0,journal-article,2560
10.12688/openreseurope.13260.1,10.12688,Ethics as attention to context: recommendations for the ethics of artificial intelligence,en,Open Research Europe,2732-5121,F1000 Research Ltd,http://dx.doi.org/10.12688/openreseurope.13260.1,2021-3-26,2021-3-26,2021-3-26,2021-12-18,2021-3-26,0,0,journal-article,2560
10.12688/openreseurope.14262.1,10.12688,Targeted gene knock-in reduces variation between transformants in the mushroom-forming fungus Schizophyllum commune,en,Open Research Europe,2732-5121,F1000 Research Ltd,http://dx.doi.org/10.12688/openreseurope.14262.1,2021-11-29,2021-11-29,2021-11-29,2021-12-22,2021-11-29,16,0,journal-article,2560
10.12688/openreseurope.13539.1,10.12688,Protecting antiquities in early modern Rome: the papal edicts as paradigms for the heritage safeguard in Europe,en,Open Research Europe,2732-5121,F1000 Research Ltd,http://dx.doi.org/10.12688/openreseurope.13539.1,2021-5-13,2021-5-13,2021-5-13,2021-12-22,2021-5-13,57,0,journal-article,2560
10.12688/openreseurope.13087.3,10.12688,A simple and cheap aerosol penetrometer for filter testing using an electronic cigarette.,en,Open Research Europe,2732-5121,F1000 Research Ltd,http://dx.doi.org/10.12688/openreseurope.13087.3,2021-10-28,2021-10-28,2021-10-28,2021-12-21,2021-10-28,28,0,journal-article,2560
10.12688/openreseurope.13700.3,10.12688,Assessing the generalisability of a multicentre qualitative dementia research: the experience and challenges faced by the MinD project in Europe,en,Open Research Europe,2732-5121,F1000 Research Ltd,http://dx.doi.org/10.12688/openreseurope.13700.3,2021-11-10,2021-11-10,2021-11-10,2021-12-22,2021-11-10,53,0,journal-article,2560
10.12688/openreseurope.13860.2,10.12688,An agenda-setting paper on data sharing platforms: euCanSHare workshop,en,Open Research Europe,2732-5121,F1000 Research Ltd,http://dx.doi.org/10.12688/openreseurope.13860.2,2021-11-23,2021-11-23,2021-11-23,2021-12-19,2021-11-23,83,0,journal-article,2560
10.12688/openreseurope.13217.2,10.12688,Academic promotion and leadership: ‘moving the needle’ for the enhancement of gender equality in Tunisian higher education institutional members of the RMEI network following the TARGET framework,en,Open Research Europe,2732-5121,F1000 Research Ltd,http://dx.doi.org/10.12688/openreseurope.13217.2,2021-5-13,2021-5-13,2021-5-13,2021-12-14,2021-5-13,13,0,journal-article,2560
10.12688/openreseurope.14505.1,10.12688,Transition from monolithic to microservice-based applications. Challenges from the developer perspective,en,Open Research Europe,2732-5121,F1000 Research Ltd,http://dx.doi.org/10.12688/openreseurope.14505.1,2022-2-23,2022-2-23,2022-2-23,2022-2-23,2022-2-23,32,0,journal-article,2560
10.12688/openreseurope.13405.1,10.12688,Smokers’ support for the ban on sale of slim cigarettes in six European countries: findings from the EUREST-PLUS ITC Europe surveys,en,Open Research Europe,2732-5121,F1000 Research Ltd,http://dx.doi.org/10.12688/openreseurope.13405.1,2021-5-18,2021-5-18,2021-5-18,2021-12-15,2021-5-18,22,0,journal-article,2560
10.12688/openreseurope.13914.1,10.12688,A spatio-temporal atlas of the developing fetal brain with spina bifida aperta,en,Open Research Europe,2732-5121,F1000 Research Ltd,http://dx.doi.org/10.12688/openreseurope.13914.1,2021-10-15,2021-10-15,2021-10-15,2021-12-15,2021-10-15,45,0,journal-article,2560
10.12688/openreseurope.13555.1,10.12688,Application of solar-based oxidation to the management of empty pesticide container rinse water in Bolivia,en,Open Research Europe,2732-5121,F1000 Research Ltd,http://dx.doi.org/10.12688/openreseurope.13555.1,2021-6-18,2021-6-18,2021-6-18,2021-12-12,2021-6-18,26,0,journal-article,2560
10.12688/openreseurope.13933.1,10.12688,A policy response to workplace innovation for the rail sector,en,Open Research Europe,2732-5121,F1000 Research Ltd,http://dx.doi.org/10.12688/openreseurope.13933.1,2021-9-14,2021-9-14,2021-9-14,2021-12-12,2021-9-14,16,0,journal-article,2560
10.12688/openreseurope.13186.2,10.12688,"Naïve, unenculturated chimpanzees fail to make and use flaked stone tools",en,Open Research Europe,2732-5121,F1000 Research Ltd,http://dx.doi.org/10.12688/openreseurope.13186.2,2021-7-15,2021-7-15,2021-7-15,2022-3-3,2021-7-15,63,4,journal-article,2560
10.12688/openreseurope.13990.2,10.12688,Analysis of the concept of informal economy through 102 definitions: legality or necessity,en,Open Research Europe,2732-5121,F1000 Research Ltd,http://dx.doi.org/10.12688/openreseurope.13990.2,2022-1-18,2022-1-18,2022-1-18,2022-2-1,2022-1-18,161,0,journal-article,2560
10.12688/openreseurope.13833.1,10.12688,Development of an innovative process involving the use of ionic liquids for the recovery and purification of rare earths from permanent magnets and NIMH batteries,en,Open Research Europe,2732-5121,F1000 Research Ltd,http://dx.doi.org/10.12688/openreseurope.13833.1,2021-8-4,2021-8-4,2021-8-4,2021-12-10,2021-8-4,78,0,journal-article,2560
10.12688/openreseurope.13178.2,10.12688,The future of public health policymaking after COVID-19: a qualitative systematic review of lessons from Health in All Policies,en,Open Research Europe,2732-5121,F1000 Research Ltd,http://dx.doi.org/10.12688/openreseurope.13178.2,2021-7-21,2021-7-21,2021-7-21,2021-12-11,2021-7-21,184,0,journal-article,2560
10.12688/openreseurope.14029.2,10.12688,A new nomenclature for the livestock-associated Mycobacterium tuberculosis complex based on phylogenomics,en,Open Research Europe,2732-5121,F1000 Research Ltd,http://dx.doi.org/10.12688/openreseurope.14029.2,2021-12-1,2021-12-1,2021-12-1,2021-12-11,2021-12-1,90,0,journal-article,2560
10.12688/openreseurope.13241.1,10.12688,Improving the touchscreen-based food approach-avoidance task: remediated block-order effects and initial findings regarding validity,en,Open Research Europe,2732-5121,F1000 Research Ltd,http://dx.doi.org/10.12688/openreseurope.13241.1,2021-3-24,2021-3-24,2021-3-24,2021-12-11,2021-3-24,55,0,journal-article,2560
10.12688/openreseurope.13264.1,10.12688,The parallels between particle induced lung overload and particle induced periprosthetic osteolysis (PPOL),en,Open Research Europe,2732-5121,F1000 Research Ltd,http://dx.doi.org/10.12688/openreseurope.13264.1,2021-3-24,2021-3-24,2021-3-24,2021-12-11,2021-3-24,51,0,journal-article,2560
10.12688/openreseurope.13411.2,10.12688,Skilled we-intentionality: Situating joint action in the living environment,en,Open Research Europe,2732-5121,F1000 Research Ltd,http://dx.doi.org/10.12688/openreseurope.13411.2,2021-9-27,2021-9-27,2021-9-27,2021-12-16,2021-9-27,86,0,journal-article,2560
10.12688/openreseurope.13340.2,10.12688,Learning outcomes of leader and leadership development: Method of Soft and Female leadership (SFL) empirical framework for driving the gender equality change in Mediterranean Engineering Education,en,Open Research Europe,2732-5121,F1000 Research Ltd,http://dx.doi.org/10.12688/openreseurope.13340.2,2021-10-13,2021-10-13,2021-10-13,2021-12-15,2021-10-13,82,0,journal-article,2560
10.12688/openreseurope.13834.1,10.12688,The future of education equity policy in a COVID-19 world: a qualitative systematic review of lessons from education policymaking,en,Open Research Europe,2732-5121,F1000 Research Ltd,http://dx.doi.org/10.12688/openreseurope.13834.1,2021-7-8,2021-7-8,2021-7-8,2022-1-14,2021-7-8,202,2,journal-article,2560
10.12688/openreseurope.13592.2,10.12688,Study on human subjects – influence of stress and alcohol in simulated traffic situations,en,Open Research Europe,2732-5121,F1000 Research Ltd,http://dx.doi.org/10.12688/openreseurope.13592.2,2021-12-7,2021-12-7,2021-12-7,2021-12-21,2021-12-7,24,0,journal-article,2560
10.12688/openreseurope.14216.2,10.12688,Can detection and prediction models for Alzheimer’s Disease be applied to Prodromal Parkinson’s Disease using explainable artificial intelligence? A brief report on Digital Neuro Signatures.,en,Open Research Europe,2732-5121,F1000 Research Ltd,http://dx.doi.org/10.12688/openreseurope.14216.2,2022-1-10,2022-1-10,2022-1-10,2022-1-11,2022-1-10,27,0,journal-article,2560
10.12688/openreseurope.13392.1,10.12688,A spatiotemporal atlas of hydropower in Africa for energy modelling purposes,en,Open Research Europe,2732-5121,F1000 Research Ltd,http://dx.doi.org/10.12688/openreseurope.13392.1,2021-3-26,2021-3-26,2021-3-26,2022-1-8,2021-3-26,45,1,journal-article,2560
10.12688/openreseurope.13715.1,10.12688,DARLENE – Improving situational awareness of European law enforcement agents through a combination of augmented reality and artificial intelligence solutions,en,Open Research Europe,2732-5121,F1000 Research Ltd,http://dx.doi.org/10.12688/openreseurope.13715.1,2021-7-30,2021-7-30,2021-7-30,2022-1-21,2021-7-30,38,1,journal-article,2560
10.12688/openreseurope.14258.1,10.12688,Towards ethical good practice in cash transfer trials and their evaluation.,en,Open Research Europe,2732-5121,F1000 Research Ltd,http://dx.doi.org/10.12688/openreseurope.14258.1,2022-1-25,2022-1-25,2022-1-25,2022-2-28,2022-1-25,81,0,journal-article,2560
10.12688/openreseurope.13079.1,10.12688,IoT Workload Emulation for Data Centers,en,Open Research Europe,2732-5121,F1000 Research Ltd,http://dx.doi.org/10.12688/openreseurope.13079.1,2021-3-24,2021-3-24,2021-3-24,2022-2-28,2021-3-24,17,0,journal-article,2560
10.12688/openreseurope.14280.1,10.12688,Co-creation methodology with Smart technologies in Health and well-being to enable communication between isolated and disperse small communities: a literature review,en,Open Research Europe,2732-5121,F1000 Research Ltd,http://dx.doi.org/10.12688/openreseurope.14280.1,2022-1-6,2022-1-6,2022-1-6,2022-1-7,2022-1-6,8,0,journal-article,2560
10.12688/openreseurope.13588.1,10.12688,"Financial development, poverty, and human development in the Fintech age: a regional analysis of the Southeast Asian states",en,Open Research Europe,2732-5121,F1000 Research Ltd,http://dx.doi.org/10.12688/openreseurope.13588.1,2021-10-4,2021-10-4,2021-10-4,2022-1-5,2021-10-4,58,1,journal-article,2560
10.12688/openreseurope.13333.1,10.12688,"A philosophy of birth: if you want to change the world, change the conversation",en,Open Research Europe,2732-5121,F1000 Research Ltd,http://dx.doi.org/10.12688/openreseurope.13333.1,2021-6-10,2021-6-10,2021-6-10,2022-1-13,2021-6-10,0,0,journal-article,2560
10.12688/openreseurope.13781.2,10.12688,Superradiant lasing in inhomogeneously broadened ensembles with spatially varying coupling,en,Open Research Europe,2732-5121,F1000 Research Ltd,http://dx.doi.org/10.12688/openreseurope.13781.2,2021-9-22,2021-9-22,2021-9-22,2022-2-7,2021-9-27,38,1,journal-article,2560
10.12688/openreseurope.13369.1,10.12688,Radical collaboration during a global health emergency: development of the RDA COVID-19 data sharing recommendations and guidelines,en,Open Research Europe,2732-5121,F1000 Research Ltd,http://dx.doi.org/10.12688/openreseurope.13369.1,2021-6-16,2021-6-16,2021-6-16,2022-1-20,2021-6-16,50,0,journal-article,2560
10.12688/openreseurope.13335.1,10.12688,The challenges and considerations for emerging or future entrepreneurial researchers in microphysiological systems,en,Open Research Europe,2732-5121,F1000 Research Ltd,http://dx.doi.org/10.12688/openreseurope.13335.1,2021-4-19,2021-4-19,2021-4-19,2022-1-26,2021-4-19,354,1,journal-article,2560
10.12688/openreseurope.14354.1,10.12688,Modelling charge profiles of electric vehicles based on charges data,en,Open Research Europe,2732-5121,F1000 Research Ltd,http://dx.doi.org/10.12688/openreseurope.14354.1,2021-12-23,2021-12-23,2021-12-23,2022-2-14,2021-12-23,34,0,journal-article,2560
10.12688/openreseurope.13861.2,10.12688,Geniac: Automatic Configuration GENerator and Installer for nextflow pipelines,en,Open Research Europe,2732-5121,F1000 Research Ltd,http://dx.doi.org/10.12688/openreseurope.13861.2,2022-2-21,2022-2-21,2022-2-21,2022-2-21,2022-2-21,24,0,journal-article,2560
10.12688/openreseurope.13942.1,10.12688,"Review of the research programme on the Mortella III wreck (2010-2020, Corsica, France): A contribution to the knowledge of the Mediterranean naval architecture and material culture of the Renaissance.",en,Open Research Europe,2732-5121,F1000 Research Ltd,http://dx.doi.org/10.12688/openreseurope.13942.1,2022-1-11,2022-1-11,2022-1-11,2022-3-7,2022-1-11,75,0,journal-article,2560
10.12688/openreseurope.14176.2,10.12688,Hydrogen and deuterium charging of lifted-out specimens for atom probe tomography,en,Open Research Europe,2732-5121,F1000 Research Ltd,http://dx.doi.org/10.12688/openreseurope.14176.2,2022-2-21,2022-2-21,2022-2-21,2022-3-7,2022-2-21,50,0,journal-article,2560
10.12688/openreseurope.14020.1,10.12688,Research avenues for amplifying indigenous radio,en,Open Research Europe,2732-5121,F1000 Research Ltd,http://dx.doi.org/10.12688/openreseurope.14020.1,2022-3-4,2022-3-4,2022-3-4,2022-3-4,2022-3-4,22,0,journal-article,2560
10.12688/openreseurope.13313.1,10.12688,A case study research on interoperability improvement in Smart Grids: state-of-the-art and further opportunities,en,Open Research Europe,2732-5121,F1000 Research Ltd,http://dx.doi.org/10.12688/openreseurope.13313.1,2021-4-6,2021-4-6,2021-4-6,2022-3-3,2021-4-6,51,1,journal-article,2560
10.12688/openreseurope.14349.1,10.12688,"FAIR4Health: Findable, Accessible, Interoperable and Reusable data to foster Health Research",en,Open Research Europe,2732-5121,F1000 Research Ltd,http://dx.doi.org/10.12688/openreseurope.14349.1,2022-3-9,2022-3-9,2022-3-9,2022-3-10,2022-3-9,10,0,journal-article,2560
10.12688/openreseurope.13264.2,10.12688,The parallels between particle induced lung overload and particle induced periprosthetic osteolysis (PPOL),en,Open Research Europe,2732-5121,F1000 Research Ltd,http://dx.doi.org/10.12688/openreseurope.13264.2,2022-3-9,2022-3-9,2022-3-9,2022-3-10,2022-3-9,50,0,journal-article,2560
