given,family,sequence,affiliation,DOI
Sara,Andreetta,first,,10.12688/openreseurope.13663.1
Oleksandra,Soldatkina,additional,,10.12688/openreseurope.13663.1
Vezha,Boboeva,additional,,10.12688/openreseurope.13663.1
Alessandro,Treves,additional,,10.12688/openreseurope.13663.1
Nathan,Clark,first,,10.12688/openreseurope.13721.1
Kees,Boersma,additional,,10.12688/openreseurope.13721.1
Sara,Bonati,additional,,10.12688/openreseurope.13721.1
Chiara,Fonio,additional,,10.12688/openreseurope.13721.1
Simon,Gehlhar,additional,,10.12688/openreseurope.13721.1
Therese,Habig,additional,,10.12688/openreseurope.13721.1
Richard,Lüke,additional,,10.12688/openreseurope.13721.1
Stefano,Morelli,additional,,10.12688/openreseurope.13721.1
Anne Bach,Nielsen,additional,,10.12688/openreseurope.13721.1
Antonio,Opromolla,additional,,10.12688/openreseurope.13721.1
Veronica,Pazzi,additional,,10.12688/openreseurope.13721.1
Emmanuel,Raju,additional,,10.12688/openreseurope.13721.1
Otto,Kässi,first,,10.12688/openreseurope.13639.2
Vili,Lehdonvirta,additional,,10.12688/openreseurope.13639.2
Fabian,Stephany,additional,,10.12688/openreseurope.13639.2
Charilaos,Papaevangelou,first,,10.12688/openreseurope.13358.2
Rawlance,Ndejjo,first,,10.12688/openreseurope.13286.1
Paineto,Masengere,additional,,10.12688/openreseurope.13286.1
Fred,Nuwaha,additional,,10.12688/openreseurope.13286.1
Isaac,Ddumba,additional,,10.12688/openreseurope.13286.1
Hilde,Bastiaens,additional,,10.12688/openreseurope.13286.1
Rhoda K.,Wanyenze,additional,,10.12688/openreseurope.13286.1
Geofrey,Musinguzi,additional,,10.12688/openreseurope.13286.1
Daniel,Spichtinger,first,,10.12688/openreseurope.13342.1
Diana,Süsser,first,,10.12688/openreseurope.13683.1
Andrzej,Ceglarz,additional,,10.12688/openreseurope.13683.1
Vassilis,Stavrakas,additional,,10.12688/openreseurope.13683.1
Johan,Lilliestam,additional,,10.12688/openreseurope.13683.1
Julia Nadine,Doetsch,first,,10.12688/openreseurope.13689.1
Vasco,Dias,additional,,10.12688/openreseurope.13689.1
Marit S.,Indredavik,additional,,10.12688/openreseurope.13689.1
Jarkko,Reittu,additional,,10.12688/openreseurope.13689.1
Randi Kallar,Devold,additional,,10.12688/openreseurope.13689.1
Raquel,Teixeira,additional,,10.12688/openreseurope.13689.1
Eero,Kajantie,additional,,10.12688/openreseurope.13689.1
Henrique,Barros,additional,,10.12688/openreseurope.13689.1
Lilly Paulin,Werk,first,,10.12688/openreseurope.13192.1
Beate,Muschalla,additional,,10.12688/openreseurope.13192.1
Robert,Brückmann,first,,10.12688/openreseurope.13969.1
Agustin,Roth,additional,,10.12688/openreseurope.13969.1
Moïra,Jimeno,additional,,10.12688/openreseurope.13969.1
Jörn,Banasiak,additional,,10.12688/openreseurope.13969.1
Mak,Đukan,additional,,10.12688/openreseurope.13969.1
Lena,Kitzing,additional,,10.12688/openreseurope.13969.1
Vasilios,Anatolitis,additional,,10.12688/openreseurope.13969.1
Anastasia,Zabaniotou,first,,10.12688/openreseurope.13340.1
Carlos,del Cañizo,first,,10.12688/openreseurope.13069.2
Ana Belén,Cristóbal,additional,,10.12688/openreseurope.13069.2
Luisa,Barbosa,additional,,10.12688/openreseurope.13069.2
Gema,Revuelta,additional,,10.12688/openreseurope.13069.2
Sabine,Haas,additional,,10.12688/openreseurope.13069.2
Marta,Victoria,additional,,10.12688/openreseurope.13069.2
Martin,Brocklehurst,additional,,10.12688/openreseurope.13069.2
Mariana,Hassegawa,first,,10.12688/openreseurope.14413.1
Anna,Karlberg,additional,,10.12688/openreseurope.14413.1
Magnus,Hertzberg,additional,,10.12688/openreseurope.14413.1
Pieter Johannes,Verkerk,additional,,10.12688/openreseurope.14413.1
Darko,Bozhinoski,first,,10.12688/openreseurope.14025.1
Mauro,Birattari,additional,,10.12688/openreseurope.14025.1
Adriano C.,Lima,first,,10.12688/openreseurope.14145.1
Edouard,Royer,additional,,10.12688/openreseurope.14145.1
Matteo,Bolzonella,additional,,10.12688/openreseurope.14145.1
Roberto,Pastres,additional,,10.12688/openreseurope.14145.1
Nanasaheb,Thorat,first,,10.12688/openreseurope.13841.1
Sabrina,Pricl,additional,,10.12688/openreseurope.13841.1
Abdul K.,Parchur,additional,,10.12688/openreseurope.13841.1
Sandeep B.,Somvanshi,additional,,10.12688/openreseurope.13841.1
Qifei,Li,additional,,10.12688/openreseurope.13841.1
Sachin,Umrao,additional,,10.12688/openreseurope.13841.1
Helen,Townley,additional,,10.12688/openreseurope.13841.1
Thijs,Devriendt,first,,10.12688/openreseurope.13860.1
Clemens,Ammann,additional,,10.12688/openreseurope.13860.1
Folkert,W. Asselbergs,additional,,10.12688/openreseurope.13860.1
Alexander,Bernier,additional,,10.12688/openreseurope.13860.1
Rodrigo,Costas,additional,,10.12688/openreseurope.13860.1
Matthias G.,Friedrich,additional,,10.12688/openreseurope.13860.1
Josep L.,Gelpi,additional,,10.12688/openreseurope.13860.1
Marjo-Riitta,Jarvelin,additional,,10.12688/openreseurope.13860.1
Kari,Kuulasmaa,additional,,10.12688/openreseurope.13860.1
Karim,Lekadir,additional,,10.12688/openreseurope.13860.1
Michaela Th.,Mayrhofer,additional,,10.12688/openreseurope.13860.1
Vaclav,Papez,additional,,10.12688/openreseurope.13860.1
Gerard,Pasterkamp,additional,,10.12688/openreseurope.13860.1
Steffen E.,Petersen,additional,,10.12688/openreseurope.13860.1
Carsten Oliver,Schmidt,additional,,10.12688/openreseurope.13860.1
Jeanette,Schulz-Menger,additional,,10.12688/openreseurope.13860.1
Stefan,Söderberg,additional,,10.12688/openreseurope.13860.1
Mahsa,Shabani,additional,,10.12688/openreseurope.13860.1
Giovanni,Veronesi,additional,,10.12688/openreseurope.13860.1
Darian Steven,Viezzer,additional,,10.12688/openreseurope.13860.1
Pascal,Borry,additional,,10.12688/openreseurope.13860.1
Johann-Mattis,List,first,,10.12688/openreseurope.13843.2
Robert,Forkel,additional,,10.12688/openreseurope.13843.2
Federico,Pianzola,first,,10.12688/openreseurope.13277.2
Mario,Garcia-Lechuga,first,,10.12688/openreseurope.13073.2
David,Grojo,additional,,10.12688/openreseurope.13073.2
Johann-Mattis,List,first,,10.12688/openreseurope.13843.1
Robert,Forkel,additional,,10.12688/openreseurope.13843.1
Alexander,Knopf,first,,10.12688/openreseurope.13218.1
Michaela,Zwyer,first,,10.12688/openreseurope.14029.1
Cengiz,Çavusoglu,additional,,10.12688/openreseurope.14029.1
Giovanni,Ghielmetti,additional,,10.12688/openreseurope.14029.1
Maria Lodovica,Pacciarini,additional,,10.12688/openreseurope.14029.1
Erika,Scaltriti,additional,,10.12688/openreseurope.14029.1
Dick,Van Soolingen,additional,,10.12688/openreseurope.14029.1
Anna,Dötsch,additional,,10.12688/openreseurope.14029.1
Miriam,Reinhard,additional,,10.12688/openreseurope.14029.1
Sebastien,Gagneux,additional,,10.12688/openreseurope.14029.1
Daniela,Brites,additional,,10.12688/openreseurope.14029.1
Linda,Zollitsch,first,,10.12688/openreseurope.13339.1
Nicolaus,Wilder,additional,,10.12688/openreseurope.13339.1
Julia,Priess-Buchheit,additional,,10.12688/openreseurope.13339.1
Rohin Kumar,Majeti,first,,10.12688/openreseurope.14060.1
Stephan,Benz,additional,,10.12688/openreseurope.14060.1
Ervina,Ervina,first,,10.12688/openreseurope.14117.1
Ingunn,Berget,additional,,10.12688/openreseurope.14117.1
Siv Borghild,Skeie,additional,,10.12688/openreseurope.14117.1
Valérie,L. Almli,additional,,10.12688/openreseurope.14117.1
Levan,Bzhalava,first,,10.12688/openreseurope.14499.1
Jari,Kaivo-oja,additional,,10.12688/openreseurope.14499.1
Sohaib S.,Hassan,additional,,10.12688/openreseurope.14499.1
Evangelia,Eleftheriou,first,,10.12688/openreseurope.13987.1
Jean-Marc,Aury,additional,,10.12688/openreseurope.13987.1
Benoît,Vacherie,additional,,10.12688/openreseurope.13987.1
Benjamin,Istace,additional,,10.12688/openreseurope.13987.1
Caroline,Belser,additional,,10.12688/openreseurope.13987.1
Benjamin,Noel,additional,,10.12688/openreseurope.13987.1
Yannick,Moret,additional,,10.12688/openreseurope.13987.1
Thierry,Rigaud,additional,,10.12688/openreseurope.13987.1
Fabrice,Berro,additional,,10.12688/openreseurope.13987.1
Sona,Gasparian,additional,,10.12688/openreseurope.13987.1
Karine,Labadie-Bretheau,additional,,10.12688/openreseurope.13987.1
Thomas,Lefebvre,additional,,10.12688/openreseurope.13987.1
Mohammed-Amin,Madoui,additional,,10.12688/openreseurope.13987.1
Lars,Kaestner,first,,10.12688/openreseurope.13255.2
Matthias W.,Laschke,additional,,10.12688/openreseurope.13255.2
Thomas,John,additional,,10.12688/openreseurope.13255.2
Christian,Wagner,additional,,10.12688/openreseurope.13255.2
Anna,Bogdanova,additional,,10.12688/openreseurope.13255.2
Mariana,T. do Casal,first,,10.12688/openreseurope.13624.1
Josene M.,Toldo,additional,,10.12688/openreseurope.13624.1
Max,Pinheiro Jr,additional,,10.12688/openreseurope.13624.1
Mario,Barbatti,additional,,10.12688/openreseurope.13624.1
Federico,Pianzola,first,,10.12688/openreseurope.13193.2
Giuseppe,Riva,additional,,10.12688/openreseurope.13193.2
Karin,Kukkonen,additional,,10.12688/openreseurope.13193.2
Fabrizia,Mantovani,additional,,10.12688/openreseurope.13193.2
Giovanni,Di Pino,first,,10.12688/openreseurope.13641.1
Alessandro,Mioli,additional,,10.12688/openreseurope.13641.1
Claudia,Altamura,additional,,10.12688/openreseurope.13641.1
Marco,D'Alonzo,additional,,10.12688/openreseurope.13641.1
Ioannis,TARNANAS,first,,10.12688/openreseurope.14216.1
Panagiotis,Vlamos,additional,,10.12688/openreseurope.14216.1
,,additional,,10.12688/openreseurope.14216.1
Dieter,Heylen,first,,10.12688/openreseurope.13204.2
Beatrice,Bisaglia,additional,,10.12688/openreseurope.13204.2
Gerardo,Fracasso,additional,,10.12688/openreseurope.13204.2
Els,Prinsen,additional,,10.12688/openreseurope.13204.2
Wendt,Müller,additional,,10.12688/openreseurope.13204.2
Erik,Matthysen,additional,,10.12688/openreseurope.13204.2
Miren Karmele,García,first,,10.12688/openreseurope.14289.1
Eliseo,Venegas,additional,,10.12688/openreseurope.14289.1
Esther,Aguilera,additional,,10.12688/openreseurope.14289.1
José Manuel,Panizo,additional,,10.12688/openreseurope.14289.1
Charlotte,Kelly,additional,,10.12688/openreseurope.14289.1
Diego,Serrano,additional,,10.12688/openreseurope.14289.1
,,additional,,10.12688/openreseurope.14289.1
Mariana,T. do Casal,first,,10.12688/openreseurope.13624.2
Josene M.,Toldo,additional,,10.12688/openreseurope.13624.2
Max,Pinheiro Jr,additional,,10.12688/openreseurope.13624.2
Mario,Barbatti,additional,,10.12688/openreseurope.13624.2
Frederic,Vanderveken,first,,10.12688/openreseurope.13302.1
Jeroen,Mulkers,additional,,10.12688/openreseurope.13302.1
Jonathan,Leliaert,additional,,10.12688/openreseurope.13302.1
Bartel,Van Waeyenberge,additional,,10.12688/openreseurope.13302.1
Bart,Sorée,additional,,10.12688/openreseurope.13302.1
Odysseas,Zografos,additional,,10.12688/openreseurope.13302.1
Florin,Ciubotaru,additional,,10.12688/openreseurope.13302.1
Christoph,Adelmann,additional,,10.12688/openreseurope.13302.1
Diana,Süsser,first,,10.12688/openreseurope.13683.3
Andrzej,Ceglarz,additional,,10.12688/openreseurope.13683.3
Vassilis,Stavrakas,additional,,10.12688/openreseurope.13683.3
Johan,Lilliestam,additional,,10.12688/openreseurope.13683.3
Giulia,Malaguarnera,first,,10.12688/openreseurope.13709.1
Miriam,Graute,additional,,10.12688/openreseurope.13709.1
Antoni,Homs Corbera,additional,,10.12688/openreseurope.13709.1
Roman,Vozdek,first,,10.12688/openreseurope.14235.1
Bingying,Wang,additional,,10.12688/openreseurope.14235.1
Kathy H.,Li,additional,,10.12688/openreseurope.14235.1
Peter P.,Pramstaller,additional,,10.12688/openreseurope.14235.1
Andrew A.,Hicks,additional,,10.12688/openreseurope.14235.1
Dengke K.,Ma,additional,,10.12688/openreseurope.14235.1
Charlotte,Rungius,first,,10.12688/openreseurope.13362.2
Tim,Flink,additional,,10.12688/openreseurope.13362.2
Sebastian,Riedel,additional,,10.12688/openreseurope.13362.2
Konstantinos C.,Apostolakis,first,,10.12688/openreseurope.13715.2
Nikolaos,Dimitriou,additional,,10.12688/openreseurope.13715.2
George,Margetis,additional,,10.12688/openreseurope.13715.2
Stavroula,Ntoa,additional,,10.12688/openreseurope.13715.2
Dimitrios,Tzovaras,additional,,10.12688/openreseurope.13715.2
Constantine,Stephanidis,additional,,10.12688/openreseurope.13715.2
Clara,Talens,first,,10.12688/openreseurope.14234.2
Yolanda,Rios,additional,,10.12688/openreseurope.14234.2
Elena,Santa Cruz,additional,,10.12688/openreseurope.14234.2
Christian Etienne,Fleischer,first,,10.12688/openreseurope.13420.2
Vittorio,Cecconi,first,,10.12688/openreseurope.14508.1
Vivek,Kumar,additional,,10.12688/openreseurope.14508.1
Alessia,Pasquazi,additional,,10.12688/openreseurope.14508.1
Juan Sebastian,Totero Gongora,additional,,10.12688/openreseurope.14508.1
Marco,Peccianti,additional,,10.12688/openreseurope.14508.1
Federico,Pianzola,first,,10.12688/openreseurope.13193.1
Giuseppe,Riva,additional,,10.12688/openreseurope.13193.1
Karin,Kukkonen,additional,,10.12688/openreseurope.13193.1
Fabrizia,Mantovani,additional,,10.12688/openreseurope.13193.1
Sachin,Chalapati,first,,10.12688/openreseurope.13578.1
Conor A,Crosbie,additional,,10.12688/openreseurope.13578.1
Dixita,Limbachiya,additional,,10.12688/openreseurope.13578.1
Nimesh,Pinnamaneni,additional,,10.12688/openreseurope.13578.1
Dimitris,ALIMISIS,first,,10.12688/openreseurope.13321.2
Sayantika,Bhowal,first,,10.12688/openreseurope.13863.1
Daniel,O'Neill,additional,,10.12688/openreseurope.13863.1
Michael,Fechner,additional,,10.12688/openreseurope.13863.1
Nicola A.,Spaldin,additional,,10.12688/openreseurope.13863.1
Urs,Staub,additional,,10.12688/openreseurope.13863.1
Jon,Duffy,additional,,10.12688/openreseurope.13863.1
Stephen P.,Collins,additional,,10.12688/openreseurope.13863.1
Michael V,Westbury,first,,10.12688/openreseurope.13104.1
Ross,Barnett,additional,,10.12688/openreseurope.13104.1
Marcela,Sandoval-Velasco,additional,,10.12688/openreseurope.13104.1
Graham,Gower,additional,,10.12688/openreseurope.13104.1
Filipe Garrett,Vieira,additional,,10.12688/openreseurope.13104.1
Marc,de Manuel,additional,,10.12688/openreseurope.13104.1
Anders J,Hansen,additional,,10.12688/openreseurope.13104.1
Nobuyuki,Yamaguchi,additional,,10.12688/openreseurope.13104.1
Lars,Werdelin,additional,,10.12688/openreseurope.13104.1
Tomas,Marques-Bonet,additional,,10.12688/openreseurope.13104.1
M Thomas P,Gilbert,additional,,10.12688/openreseurope.13104.1
Eline D,Lorenzen,additional,,10.12688/openreseurope.13104.1
Edurne,Elorza,first,,10.12688/openreseurope.13288.1
Ibon,Aranberri,additional,,10.12688/openreseurope.13288.1
Xiangming,Zhou,additional,,10.12688/openreseurope.13288.1
Gediminas,Kastiukas,additional,,10.12688/openreseurope.13288.1
Juan Antonio,Alduncin,additional,,10.12688/openreseurope.13288.1
Marc,van Hoof,first,,10.12688/openreseurope.14422.1
Natalie,Evans,additional,,10.12688/openreseurope.14422.1
Giulia,Inguaggiato,additional,,10.12688/openreseurope.14422.1
Ana,Marušić,additional,,10.12688/openreseurope.14422.1
Bert,Gordijn,additional,,10.12688/openreseurope.14422.1
Kris,Dierickx,additional,,10.12688/openreseurope.14422.1
David,van Zeggeren,additional,,10.12688/openreseurope.14422.1
Harald,Dunnik,additional,,10.12688/openreseurope.14422.1
Alexander,Gesinn,additional,,10.12688/openreseurope.14422.1
Lex,Bouter,additional,,10.12688/openreseurope.14422.1
Guy,Widdershoven,additional,,10.12688/openreseurope.14422.1
,,additional,,10.12688/openreseurope.14422.1
María Ximena,Rojas-Reyes,first,,10.12688/openreseurope.14041.1
Gerard,Urrutia Chuchí,additional,,10.12688/openreseurope.14041.1
Gabriel,Rada,additional,,10.12688/openreseurope.14041.1
Pablo,Alonso,additional,,10.12688/openreseurope.14041.1
David,Rigau,additional,,10.12688/openreseurope.14041.1
Ariadna,Auladell-Rispau,additional,,10.12688/openreseurope.14041.1
Daniel,Huppmann,first,,10.12688/openreseurope.13633.1
Matthew J.,Gidden,additional,,10.12688/openreseurope.13633.1
Zebedee,Nicholls,additional,,10.12688/openreseurope.13633.1
Jonas,Hörsch,additional,,10.12688/openreseurope.13633.1
Robin,Lamboll,additional,,10.12688/openreseurope.13633.1
Paul N.,Kishimoto,additional,,10.12688/openreseurope.13633.1
Thorsten,Burandt,additional,,10.12688/openreseurope.13633.1
Oliver,Fricko,additional,,10.12688/openreseurope.13633.1
Edward,Byers,additional,,10.12688/openreseurope.13633.1
Jarmo,Kikstra,additional,,10.12688/openreseurope.13633.1
Maarten,Brinkerink,additional,,10.12688/openreseurope.13633.1
Maik,Budzinski,additional,,10.12688/openreseurope.13633.1
Florian,Maczek,additional,,10.12688/openreseurope.13633.1
Sebastian,Zwickl-Bernhard,additional,,10.12688/openreseurope.13633.1
Lara,Welder,additional,,10.12688/openreseurope.13633.1
Erik Francisco,Álvarez Quispe,additional,,10.12688/openreseurope.13633.1
Christopher J.,Smith,additional,,10.12688/openreseurope.13633.1
Rova Karine,Rajaonarivony,first,,10.12688/openreseurope.14017.1
Xavier,Rouau,additional,,10.12688/openreseurope.14017.1
Charlène,Fabre,additional,,10.12688/openreseurope.14017.1
Claire,Mayer-Laigle,additional,,10.12688/openreseurope.14017.1
Alper,Kanak,first,,10.12688/openreseurope.13627.1
Salih,Ergun,additional,,10.12688/openreseurope.13627.1
Ahmet,Yazıcı,additional,,10.12688/openreseurope.13627.1
Metin,Ozkan,additional,,10.12688/openreseurope.13627.1
Gürol,Çokünlü,additional,,10.12688/openreseurope.13627.1
Uğur,Yayan,additional,,10.12688/openreseurope.13627.1
Mustafa,Karaca,additional,,10.12688/openreseurope.13627.1
Abdullah Taha,Arslan,additional,,10.12688/openreseurope.13627.1
Patricia,Ternes,first,,10.12688/openreseurope.14144.1
Jonathan A,Ward,additional,,10.12688/openreseurope.14144.1
Alison,Heppenstall,additional,,10.12688/openreseurope.14144.1
Vijay,Kumar,additional,,10.12688/openreseurope.14144.1
Le-Minh,Kieu,additional,,10.12688/openreseurope.14144.1
Nick,Malleson,additional,,10.12688/openreseurope.14144.1
Paul,Cairney,first,,10.12688/openreseurope.13834.2
Sean,Kippin,additional,,10.12688/openreseurope.13834.2
Paul,Cairney,first,,10.12688/openreseurope.13178.1
Emily,St Denny,additional,,10.12688/openreseurope.13178.1
Heather,Mitchell,additional,,10.12688/openreseurope.13178.1
Irene,Buselli,first,,10.12688/openreseurope.14040.1
Luca,Oneto,additional,,10.12688/openreseurope.14040.1
Carlo,Dambra,additional,,10.12688/openreseurope.14040.1
Christian,Verdonk Gallego,additional,,10.12688/openreseurope.14040.1
Miguel,García Martínez,additional,,10.12688/openreseurope.14040.1
Anthony,Smoker,additional,,10.12688/openreseurope.14040.1
Nnenna,Ike,additional,,10.12688/openreseurope.14040.1
Tamara,Pejovic,additional,,10.12688/openreseurope.14040.1
Patricia,Ruiz Martino,additional,,10.12688/openreseurope.14040.1
Otto,Kässi,first,,10.12688/openreseurope.13639.1
Vili,Lehdonvirta,additional,,10.12688/openreseurope.13639.1
Fabian,Stephany,additional,,10.12688/openreseurope.13639.1
Sachin,Chalapati,first,,10.12688/openreseurope.13578.2
Conor A,Crosbie,additional,,10.12688/openreseurope.13578.2
Dixita,Limbachiya,additional,,10.12688/openreseurope.13578.2
Nimesh,Pinnamaneni,additional,,10.12688/openreseurope.13578.2
Diane,Cleij,first,,10.12688/openreseurope.13870.1
Wendy,Weijermars,additional,,10.12688/openreseurope.13870.1
Rune,Elvik,additional,,10.12688/openreseurope.13870.1
Ben,Ambridge,first,,10.12688/openreseurope.13008.2
Laura,Doherty,additional,,10.12688/openreseurope.13008.2
Ramya,Maitreyee,additional,,10.12688/openreseurope.13008.2
Tomoko,Tatsumi,additional,,10.12688/openreseurope.13008.2
Shira,Zicherman,additional,,10.12688/openreseurope.13008.2
Pedro,Mateo Pedro,additional,,10.12688/openreseurope.13008.2
Ayuno,Kawakami,additional,,10.12688/openreseurope.13008.2
Amy,Bidgood,additional,,10.12688/openreseurope.13008.2
Clifton,Pye,additional,,10.12688/openreseurope.13008.2
Bhuvana,Narasimhan,additional,,10.12688/openreseurope.13008.2
Inbal,Arnon,additional,,10.12688/openreseurope.13008.2
Dani,Bekman,additional,,10.12688/openreseurope.13008.2
Amir,Efrati,additional,,10.12688/openreseurope.13008.2
Sindy,Fabiola Can Pixabaj,additional,,10.12688/openreseurope.13008.2
Mario,Marroquín Pelíz,additional,,10.12688/openreseurope.13008.2
Margarita,Julajuj Mendoza,additional,,10.12688/openreseurope.13008.2
Soumitra,Samanta,additional,,10.12688/openreseurope.13008.2
Seth,Campbell,additional,,10.12688/openreseurope.13008.2
Stewart,McCauley,additional,,10.12688/openreseurope.13008.2
Ruth,Berman,additional,,10.12688/openreseurope.13008.2
Dipti,Misra Sharma,additional,,10.12688/openreseurope.13008.2
Rukmini,Bhaya Nair,additional,,10.12688/openreseurope.13008.2
Kumiko,Fukumura,additional,,10.12688/openreseurope.13008.2
Çınar,Uysal,first,,10.12688/openreseurope.13746.1
Özge,Yılmaz,additional,,10.12688/openreseurope.13746.1
Esra,Koç,additional,,10.12688/openreseurope.13746.1
Emre,Yöntem,additional,,10.12688/openreseurope.13746.1
Rembrandt,Koppelaar,additional,,10.12688/openreseurope.13746.1
Clara,Talens,first,,10.12688/openreseurope.14234.1
Yolanda,Rios,additional,,10.12688/openreseurope.14234.1
Elena,Santa Cruz,additional,,10.12688/openreseurope.14234.1
Raphaël,Aussenac,first,,10.12688/openreseurope.13671.1
Thomas,Pérot,additional,,10.12688/openreseurope.13671.1
Mathieu,Fortin,additional,,10.12688/openreseurope.13671.1
Francois,de Coligny,additional,,10.12688/openreseurope.13671.1
Jean-Matthieu,Monnet,additional,,10.12688/openreseurope.13671.1
Patrick,Vallet,additional,,10.12688/openreseurope.13671.1
Emilia,Pellegrini,first,,10.12688/openreseurope.13293.2
Meri,Raggi,additional,,10.12688/openreseurope.13293.2
Davide,Viaggi,additional,,10.12688/openreseurope.13293.2
Stefano,Targetti,additional,,10.12688/openreseurope.13293.2
Hannah,van Alebeek,first,,10.12688/openreseurope.13241.2
Sercan,Kahveci,additional,,10.12688/openreseurope.13241.2
Jens,Blechert,additional,,10.12688/openreseurope.13241.2
Ana Belén,GALÁN LÓPEZ,first,,10.12688/openreseurope.13782.1
Ariane,Burke,additional,,10.12688/openreseurope.13782.1
Sandrine,Costamagno,additional,,10.12688/openreseurope.13782.1
Pamela,Hussey,first,,10.12688/openreseurope.14083.1
Subhashis,Das,additional,,10.12688/openreseurope.14083.1
Rasim,Unan,first,,10.12688/openreseurope.13317.1
Ilyas,Deligoz,additional,,10.12688/openreseurope.13317.1
Kassim,Al-Khatib,additional,,10.12688/openreseurope.13317.1
Husrev,Mennan,additional,,10.12688/openreseurope.13317.1
Olivier,Galy,first,,10.12688/openreseurope.13705.1
Stéphane,Frayon,additional,,10.12688/openreseurope.13705.1
Marco,Goldin,additional,,10.12688/openreseurope.13705.1
Paul,Zongo,additional,,10.12688/openreseurope.13705.1
Guillaume,Wattelez,additional,,10.12688/openreseurope.13705.1
Sonny,Lameta,additional,,10.12688/openreseurope.13705.1
Alan,Quartermain,additional,,10.12688/openreseurope.13705.1
Jean Marie,Fotsing,additional,,10.12688/openreseurope.13705.1
Séverine,Bouard,additional,,10.12688/openreseurope.13705.1
Maria,Priestley,first,,10.12688/openreseurope.13621.1
Elena,Simperl,additional,,10.12688/openreseurope.13621.1
Cristina,Juc,additional,,10.12688/openreseurope.13621.1
María,Anguiano,additional,,10.12688/openreseurope.13621.1
Giorgio,Dall'Olmo,first,,10.12688/openreseurope.14133.1
Francesco,Nencioli,additional,,10.12688/openreseurope.14133.1
Thomas,Jackson,additional,,10.12688/openreseurope.14133.1
Robert J. W.,Brewin,additional,,10.12688/openreseurope.14133.1
John A.,Gittings,additional,,10.12688/openreseurope.14133.1
Dionysios E.,Raitsos,additional,,10.12688/openreseurope.14133.1
Sakdirat,Kaewunruen,first,,10.12688/openreseurope.13806.2
Jessada,Sresakoolchai,additional,,10.12688/openreseurope.13806.2
Yi-hsuan,Lin,additional,,10.12688/openreseurope.13806.2
Sebastian,Lifka,first,,10.12688/openreseurope.13087.2
Ivan,Ponomarev,additional,,10.12688/openreseurope.13087.2
Agnes,Weth,additional,,10.12688/openreseurope.13087.2
David,Baumgartner,additional,,10.12688/openreseurope.13087.2
Bernd,Lamprecht,additional,,10.12688/openreseurope.13087.2
Werner,Baumgartner,additional,,10.12688/openreseurope.13087.2
Julia Nadine,Doetsch,first,,10.12688/openreseurope.13689.2
Vasco,Dias,additional,,10.12688/openreseurope.13689.2
Marit S.,Indredavik,additional,,10.12688/openreseurope.13689.2
Jarkko,Reittu,additional,,10.12688/openreseurope.13689.2
Randi Kallar,Devold,additional,,10.12688/openreseurope.13689.2
Raquel,Teixeira,additional,,10.12688/openreseurope.13689.2
Eero,Kajantie,additional,,10.12688/openreseurope.13689.2
Henrique,Barros,additional,,10.12688/openreseurope.13689.2
Charlotte,Rungius,first,,10.12688/openreseurope.13362.1
Tim,Flink,additional,,10.12688/openreseurope.13362.1
Sebastian,Riedel,additional,,10.12688/openreseurope.13362.1
Nadina,Galle,first,,10.12688/openreseurope.13502.1
William,Brinton,additional,,10.12688/openreseurope.13502.1
Robin,Vos,additional,,10.12688/openreseurope.13502.1
Fábio,Duarte,additional,,10.12688/openreseurope.13502.1
Marcus,Collier,additional,,10.12688/openreseurope.13502.1
Carlo,Ratti,additional,,10.12688/openreseurope.13502.1
Francesco,Pilla,additional,,10.12688/openreseurope.13502.1
Monia,Chouari,first,,10.12688/openreseurope.13217.1
Moncef,Ghiss,additional,,10.12688/openreseurope.13217.1
Anastasia,Zabaniotou,additional,,10.12688/openreseurope.13217.1
Renata,Sõukand,first,,10.12688/openreseurope.13138.2
Raivo,Kalle,additional,,10.12688/openreseurope.13138.2
Michele Filippo,Fontefrancesco,additional,,10.12688/openreseurope.13138.2
Andrea,Pieroni,additional,,10.12688/openreseurope.13138.2
Elisa,Bandini,first,,10.12688/openreseurope.13186.1
Alba,Motes-Rodrigo,additional,,10.12688/openreseurope.13186.1
William,Archer,additional,,10.12688/openreseurope.13186.1
Tanya,Minchin,additional,,10.12688/openreseurope.13186.1
Helene,Axelsen,additional,,10.12688/openreseurope.13186.1
Raquel Adriana,Hernandez-Aguilar,additional,,10.12688/openreseurope.13186.1
Shannon P.,McPherron,additional,,10.12688/openreseurope.13186.1
Claudio,Tennie,additional,,10.12688/openreseurope.13186.1
Silvano,Tosti,first,,10.12688/openreseurope.13738.1
Michel Jacques,Counotte,first,,10.12688/openreseurope.14375.1
Mariana,Avelino de Souza Santos,additional,,10.12688/openreseurope.14375.1
Koert J,Stittelaar,additional,,10.12688/openreseurope.14375.1
Wim H M,van der Poel,additional,,10.12688/openreseurope.14375.1
Jose L,Gonzales,additional,,10.12688/openreseurope.14375.1
Edyta,Swider-Cios,first,,10.12688/openreseurope.13935.1
Katalin,Solymosi,additional,,10.12688/openreseurope.13935.1
Mangala,Srinivas,additional,,10.12688/openreseurope.13935.1
Danielle Martine,Farrugia,first,,10.12688/openreseurope.13796.1
Silvia Leonor,Vilches,additional,,10.12688/openreseurope.13796.1
Alexander,Gerber,additional,,10.12688/openreseurope.13796.1
Elias,Liarte,first,,10.12688/openreseurope.13716.1
Valentina,Zambrano,additional,,10.12688/openreseurope.13716.1
Leticia,A. Gracia,additional,,10.12688/openreseurope.13716.1
José Ignacio,Amor,additional,,10.12688/openreseurope.13716.1
Marcos,Borro,additional,,10.12688/openreseurope.13716.1
Belén,Hernández-Gascón,additional,,10.12688/openreseurope.13716.1
Paranjeet,Lakhtaria,first,,10.12688/openreseurope.13812.1
Paulo,Ribeirinha,additional,,10.12688/openreseurope.13812.1
Werneri,Huhtinen,additional,,10.12688/openreseurope.13812.1
Saara,Viik,additional,,10.12688/openreseurope.13812.1
José,Sousa,additional,,10.12688/openreseurope.13812.1
Adélio,Mendes,additional,,10.12688/openreseurope.13812.1
Sohaib S.,Hassan,first,,10.12688/openreseurope.14472.1
Abiodun,Egbetokun,additional,,10.12688/openreseurope.14472.1
Levan,Bzhalava,additional,,10.12688/openreseurope.14472.1
Evangelia,Eleftheriou,first,,10.12688/openreseurope.13987.2
Jean-Marc,Aury,additional,,10.12688/openreseurope.13987.2
Benoît,Vacherie,additional,,10.12688/openreseurope.13987.2
Benjamin,Istace,additional,,10.12688/openreseurope.13987.2
Caroline,Belser,additional,,10.12688/openreseurope.13987.2
Benjamin,Noel,additional,,10.12688/openreseurope.13987.2
Yannick,Moret,additional,,10.12688/openreseurope.13987.2
Thierry,Rigaud,additional,,10.12688/openreseurope.13987.2
Fabrice,Berro,additional,,10.12688/openreseurope.13987.2
Sona,Gasparian,additional,,10.12688/openreseurope.13987.2
Karine,Labadie-Bretheau,additional,,10.12688/openreseurope.13987.2
Thomas,Lefebvre,additional,,10.12688/openreseurope.13987.2
Mohammed-Amin,Madoui,additional,,10.12688/openreseurope.13987.2
Sergey N.,Pozdnyakov,first,,10.12688/openreseurope.14156.1
Liwei,Zhang,additional,,10.12688/openreseurope.14156.1
Christoph,Ortner,additional,,10.12688/openreseurope.14156.1
Gábor,Csányi,additional,,10.12688/openreseurope.14156.1
Michele,Ceriotti,additional,,10.12688/openreseurope.14156.1
Heena,Khanchandani,first,,10.12688/openreseurope.14176.1
Se-Ho,Kim,additional,,10.12688/openreseurope.14176.1
Rama Srinivas,Varanasi,additional,,10.12688/openreseurope.14176.1
TS,Prithiv,additional,,10.12688/openreseurope.14176.1
Leigh T.,Stephenson,additional,,10.12688/openreseurope.14176.1
Baptiste,Gault,additional,,10.12688/openreseurope.14176.1
Silvano,Tosti,first,,10.12688/openreseurope.13738.3
Natália,Resende,first,,10.12688/openreseurope.13902.1
Eric Allen,Jensen,first,,10.12688/openreseurope.14263.1
Sophie L.,Baartman,first,,10.12688/openreseurope.13875.1
Maarten C.,Krol,additional,,10.12688/openreseurope.13875.1
Thomas,Röckmann,additional,,10.12688/openreseurope.13875.1
Shohei,Hattori,additional,,10.12688/openreseurope.13875.1
Kazuki,Kamezaki,additional,,10.12688/openreseurope.13875.1
Naohiro,Yoshida,additional,,10.12688/openreseurope.13875.1
Maria Elena,Popa,additional,,10.12688/openreseurope.13875.1
Silvano,Tosti,first,,10.12688/openreseurope.13738.2
Mathieu,Bléry,first,,10.12688/openreseurope.13314.1
Manel,Mrabet-Kraiem,additional,,10.12688/openreseurope.13314.1
Ariane,Morel,additional,,10.12688/openreseurope.13314.1
Florence,Lhospice,additional,,10.12688/openreseurope.13314.1
Delphine,Bregeon,additional,,10.12688/openreseurope.13314.1
Cécile,Bonnafous,additional,,10.12688/openreseurope.13314.1
Laurent,Gauthier,additional,,10.12688/openreseurope.13314.1
Benjamin,Rossi,additional,,10.12688/openreseurope.13314.1
Romain,Remark,additional,,10.12688/openreseurope.13314.1
Stéphanie,Cornen,additional,,10.12688/openreseurope.13314.1
Nadia,Anceriz,additional,,10.12688/openreseurope.13314.1
Nicolas,Viaud,additional,,10.12688/openreseurope.13314.1
Sylvia,Trichard,additional,,10.12688/openreseurope.13314.1
Sabrina,Carpentier,additional,,10.12688/openreseurope.13314.1
Alix,Joulin-Giet,additional,,10.12688/openreseurope.13314.1
Gwendoline,Grondin,additional,,10.12688/openreseurope.13314.1
Veronika,Liptakova,additional,,10.12688/openreseurope.13314.1
Younghoon,Kim,additional,,10.12688/openreseurope.13314.1
Laurent,Daniel,additional,,10.12688/openreseurope.13314.1
Aurélie,Haffner,additional,,10.12688/openreseurope.13314.1
Nicolas,Macagno,additional,,10.12688/openreseurope.13314.1
Laurent,Pouyet,additional,,10.12688/openreseurope.13314.1
Ivan,Perrot,additional,,10.12688/openreseurope.13314.1
Carine,Paturel,additional,,10.12688/openreseurope.13314.1
Yannis,Morel,additional,,10.12688/openreseurope.13314.1
Alexander,Steinle,additional,,10.12688/openreseurope.13314.1
François,Romagné,additional,,10.12688/openreseurope.13314.1
Emilie,Narni-Mancinelli,additional,,10.12688/openreseurope.13314.1
Eric,Vivier,additional,,10.12688/openreseurope.13314.1
Karthick Ram,Manoharan,first,,10.12688/openreseurope.13131.1
Federico,Pianzola,first,,10.12688/openreseurope.13277.1
Peter,Stipsitz,first,,10.12688/openreseurope.13744.1
Michael,Mandl,additional,,10.12688/openreseurope.13744.1
Michael,Harasek,additional,,10.12688/openreseurope.13744.1
Filippo,Brandolini,first,,10.12688/openreseurope.13135.1
Guillem,Domingo-Ribas,additional,,10.12688/openreseurope.13135.1
Andrea,Zerboni,additional,,10.12688/openreseurope.13135.1
Sam,Turner,additional,,10.12688/openreseurope.13135.1
Jose,Moreno-SanSegundo,first,,10.12688/openreseurope.13017.1
Cintia,Casado,additional,,10.12688/openreseurope.13017.1
David,Concha,additional,,10.12688/openreseurope.13017.1
Antonio S.,Montemayor,additional,,10.12688/openreseurope.13017.1
Javier,Marugán,additional,,10.12688/openreseurope.13017.1
Sara,Hritz,first,,10.12688/openreseurope.14386.1
Muhammad,Eusha,additional,,10.12688/openreseurope.14386.1
Faraz Rasheed,Mir,additional,,10.12688/openreseurope.14386.1
Gerhard,Schories,additional,,10.12688/openreseurope.14386.1
Paul,Strubinger Sandoval,first,,10.12688/openreseurope.13395.1
Giorgio,Dall'Olmo,additional,,10.12688/openreseurope.13395.1
Keith,Haines,additional,,10.12688/openreseurope.13395.1
Rafael,Rasse,additional,,10.12688/openreseurope.13395.1
Jelizaveta,Ross,additional,,10.12688/openreseurope.13395.1
GARAZI,CARRANZA,first,,10.12688/openreseurope.13933.2
Oihane,De la Rua,additional,,10.12688/openreseurope.13933.2
Begoña,Sanchez,additional,,10.12688/openreseurope.13933.2
Giovanni,Arico',first,,10.12688/openreseurope.14310.1
Raul,Angulo,additional,,10.12688/openreseurope.14310.1
Matteo,Zennaro,additional,,10.12688/openreseurope.14310.1
Jorge,Quereda,first,,10.12688/openreseurope.14018.1
Quinghua,Zhao,additional,,10.12688/openreseurope.14018.1
Enrique,Diez,additional,,10.12688/openreseurope.14018.1
Riccardo,Frisenda,additional,,10.12688/openreseurope.14018.1
Andrés,Castellanos-Gomez,additional,,10.12688/openreseurope.14018.1
Mathieu,Bléry,first,,10.12688/openreseurope.13314.2
Manel,Mrabet-Kraiem,additional,,10.12688/openreseurope.13314.2
Ariane,Morel,additional,,10.12688/openreseurope.13314.2
Florence,Lhospice,additional,,10.12688/openreseurope.13314.2
Delphine,Bregeon,additional,,10.12688/openreseurope.13314.2
Cécile,Bonnafous,additional,,10.12688/openreseurope.13314.2
Laurent,Gauthier,additional,,10.12688/openreseurope.13314.2
Benjamin,Rossi,additional,,10.12688/openreseurope.13314.2
Romain,Remark,additional,,10.12688/openreseurope.13314.2
Stéphanie,Cornen,additional,,10.12688/openreseurope.13314.2
Nadia,Anceriz,additional,,10.12688/openreseurope.13314.2
Nicolas,Viaud,additional,,10.12688/openreseurope.13314.2
Sylvia,Trichard,additional,,10.12688/openreseurope.13314.2
Sabrina,Carpentier,additional,,10.12688/openreseurope.13314.2
Alix,Joulin-Giet,additional,,10.12688/openreseurope.13314.2
Gwendoline,Grondin,additional,,10.12688/openreseurope.13314.2
Veronika,Liptakova,additional,,10.12688/openreseurope.13314.2
Younghoon,Kim,additional,,10.12688/openreseurope.13314.2
Laurent,Daniel,additional,,10.12688/openreseurope.13314.2
Aurélie,Haffner,additional,,10.12688/openreseurope.13314.2
Nicolas,Macagno,additional,,10.12688/openreseurope.13314.2
Laurent,Pouyet,additional,,10.12688/openreseurope.13314.2
Ivan,Perrot,additional,,10.12688/openreseurope.13314.2
Carine,Paturel,additional,,10.12688/openreseurope.13314.2
Yannis,Morel,additional,,10.12688/openreseurope.13314.2
Alexander,Steinle,additional,,10.12688/openreseurope.13314.2
François,Romagné,additional,,10.12688/openreseurope.13314.2
Emilie,Narni-Mancinelli,additional,,10.12688/openreseurope.13314.2
Eric,Vivier,additional,,10.12688/openreseurope.13314.2
Chrysanthi,Akrivou,first,,10.12688/openreseurope.13893.2
Lucyna,Łȩkawska-Andrinopoulou,additional,,10.12688/openreseurope.13893.2
Georgios,Tsimiklis,additional,,10.12688/openreseurope.13893.2
Angelos,Amditis,additional,,10.12688/openreseurope.13893.2
Dieter,Heylen,first,,10.12688/openreseurope.13204.1
Beatrice,Bisaglia,additional,,10.12688/openreseurope.13204.1
Gerardo,Fracasso,additional,,10.12688/openreseurope.13204.1
Els,Prinsen,additional,,10.12688/openreseurope.13204.1
Wendt,Müller,additional,,10.12688/openreseurope.13204.1
Erik,Matthysen,additional,,10.12688/openreseurope.13204.1
Javier,Rivera-Sandoval,first,,10.12688/openreseurope.13873.1
Paul,De Raeve,first,,10.12688/openreseurope.13231.2
Patricia M.,Davidson,additional,,10.12688/openreseurope.13231.2
Franklin A.,Shaffer,additional,,10.12688/openreseurope.13231.2
Eric,Pol,additional,,10.12688/openreseurope.13231.2
Amit Kumar,Pandey,additional,,10.12688/openreseurope.13231.2
Elizabeth,Adams,additional,,10.12688/openreseurope.13231.2
Anais,Resseguier,first,,10.12688/openreseurope.13260.2
Rowena,Rodrigues,additional,,10.12688/openreseurope.13260.2
Fred,Sanders,first,,10.12688/openreseurope.13125.2
Hugo,Sanders,additional,,10.12688/openreseurope.13125.2
Karen,Jonkers,additional,,10.12688/openreseurope.13125.2
Marco,Carlotti,first,,10.12688/openreseurope.14135.2
Omar,Tricinci,additional,,10.12688/openreseurope.14135.2
Frank,den Hoed,additional,,10.12688/openreseurope.14135.2
Stefano,Palagi,additional,,10.12688/openreseurope.14135.2
Virgilio,Mattoli,additional,,10.12688/openreseurope.14135.2
Julian,Kiverstein,first,,10.12688/openreseurope.13411.1
Erik,Rietveld,additional,,10.12688/openreseurope.13411.1
Thanos,Koulos,first,,10.12688/openreseurope.14010.1
Emilia,Pellegrini,first,,10.12688/openreseurope.13293.1
Meri,Raggi,additional,,10.12688/openreseurope.13293.1
Davide,Viaggi,additional,,10.12688/openreseurope.13293.1
Stefano,Targetti,additional,,10.12688/openreseurope.13293.1
Fabrice,Allain,first,,10.12688/openreseurope.13861.1
Julien,Roméjon,additional,,10.12688/openreseurope.13861.1
Philippe,La Rosa,additional,,10.12688/openreseurope.13861.1
Frédéric,Jarlier,additional,,10.12688/openreseurope.13861.1
Nicolas,Servant,additional,,10.12688/openreseurope.13861.1
Philippe,Hupé,additional,,10.12688/openreseurope.13861.1
Laura,Gervais,first,,10.12688/openreseurope.14281.1
Pierick,Mouginot,additional,,10.12688/openreseurope.14281.1
Anais,Gibert,additional,,10.12688/openreseurope.14281.1
Oceane,Salles,additional,,10.12688/openreseurope.14281.1
Mathieu,Latutrie,additional,,10.12688/openreseurope.14281.1
Jesaelle,Piquet,additional,,10.12688/openreseurope.14281.1
Juliette,Archambeau,additional,,10.12688/openreseurope.14281.1
Benoit,Pujol,additional,,10.12688/openreseurope.14281.1
Dana,Constantinescu,first,,10.12688/openreseurope.13590.1
Gheorghe,Tigan,additional,,10.12688/openreseurope.13590.1
Xiang,Zhang,additional,,10.12688/openreseurope.13590.1
Hamza,El Hadki,first,,10.12688/openreseurope.14073.1
Victoria Guadalupe,Gámez,additional,,10.12688/openreseurope.14073.1
Samira,Dalbouha,additional,,10.12688/openreseurope.14073.1
Khadija,Marakchi,additional,,10.12688/openreseurope.14073.1
Oum Keltoum,Kabbaj,additional,,10.12688/openreseurope.14073.1
Najia,Komiha,additional,,10.12688/openreseurope.14073.1
Miguel,Carvajal,additional,,10.12688/openreseurope.14073.1
Maria Luisa,Senent Diez,additional,,10.12688/openreseurope.14073.1
Peter,Stipsitz,first,,10.12688/openreseurope.13744.2
Michael,Mandl,additional,,10.12688/openreseurope.13744.2
Michael,Harasek,additional,,10.12688/openreseurope.13744.2
Marco,Montecchi,first,,10.12688/openreseurope.13842.1
Alberto,Mittiga,additional,,10.12688/openreseurope.13842.1
Claudia,Malerba,additional,,10.12688/openreseurope.13842.1
Francesca,Menchini,additional,,10.12688/openreseurope.13842.1
Ben,Ambridge,first,,10.12688/openreseurope.13008.1
Laura,Doherty,additional,,10.12688/openreseurope.13008.1
Ramya,Maitreyee,additional,,10.12688/openreseurope.13008.1
Tomoko,Tatsumi,additional,,10.12688/openreseurope.13008.1
Shira,Zicherman,additional,,10.12688/openreseurope.13008.1
Pedro,Mateo Pedro,additional,,10.12688/openreseurope.13008.1
Ayuno,Kawakami,additional,,10.12688/openreseurope.13008.1
Amy,Bidgood,additional,,10.12688/openreseurope.13008.1
Clifton,Pye,additional,,10.12688/openreseurope.13008.1
Bhuvana,Narasimhan,additional,,10.12688/openreseurope.13008.1
Inbal,Arnon,additional,,10.12688/openreseurope.13008.1
Dani,Bekman,additional,,10.12688/openreseurope.13008.1
Amir,Efrati,additional,,10.12688/openreseurope.13008.1
Sindy,Fabiola Can Pixabaj,additional,,10.12688/openreseurope.13008.1
Mario,Marroquín Pelíz,additional,,10.12688/openreseurope.13008.1
Margarita,Julajuj Mendoza,additional,,10.12688/openreseurope.13008.1
Soumitra,Samanta,additional,,10.12688/openreseurope.13008.1
Seth,Campbell,additional,,10.12688/openreseurope.13008.1
Stewart,McCauley,additional,,10.12688/openreseurope.13008.1
Ruth,Berman,additional,,10.12688/openreseurope.13008.1
Dipti,Misra Sharma,additional,,10.12688/openreseurope.13008.1
Rukmini,Bhaya Nair,additional,,10.12688/openreseurope.13008.1
Kumiko,Fukumura,additional,,10.12688/openreseurope.13008.1
Patty P.A.,Dhooge,first,,10.12688/openreseurope.13872.1
Philipp T.,Möller,additional,,10.12688/openreseurope.13872.1
Camiel J.F.,Boon,additional,,10.12688/openreseurope.13872.1
Andrew J.,Lotery,additional,,10.12688/openreseurope.13872.1
Philipp,Herrmann,additional,,10.12688/openreseurope.13872.1
Maurizio,Battaglia Parodi,additional,,10.12688/openreseurope.13872.1
Wolfgang,Klein,additional,,10.12688/openreseurope.13872.1
Mario G.,Fsadni,additional,,10.12688/openreseurope.13872.1
Thomas H.,Wheeler-Schilling,additional,,10.12688/openreseurope.13872.1
Oliver,Jungmann,additional,,10.12688/openreseurope.13872.1
Hans,Müller,additional,,10.12688/openreseurope.13872.1
Frank G.,Holz,additional,,10.12688/openreseurope.13872.1
Steffen,Schmitz-Valckenberg,additional,,10.12688/openreseurope.13872.1
Tobias M.,Peters,additional,,10.12688/openreseurope.13872.1
Katarina,Stingl,additional,,10.12688/openreseurope.13872.1
Carel B.,Hoyng,additional,,10.12688/openreseurope.13872.1
,,additional,,10.12688/openreseurope.13872.1
Paul,Strubinger Sandoval,first,,10.12688/openreseurope.13395.2
Giorgio,Dall'Olmo,additional,,10.12688/openreseurope.13395.2
Keith,Haines,additional,,10.12688/openreseurope.13395.2
Rafael,Rasse,additional,,10.12688/openreseurope.13395.2
Jelizaveta,Ross,additional,,10.12688/openreseurope.13395.2
Marco,Carlotti,first,,10.12688/openreseurope.14135.1
Omar,Tricinci,additional,,10.12688/openreseurope.14135.1
Frank,den Hoed,additional,,10.12688/openreseurope.14135.1
Stefano,Palagi,additional,,10.12688/openreseurope.14135.1
Virgilio,Mattoli,additional,,10.12688/openreseurope.14135.1
Estefanía,López Salas,first,,10.12688/openreseurope.14178.1
Paula,Kurittu,first,,10.12688/openreseurope.13529.1
Banafsheh,Khakipoor,additional,,10.12688/openreseurope.13529.1
Michael S.M.,Brouwer,additional,,10.12688/openreseurope.13529.1
Annamari,Heikinheimo,additional,,10.12688/openreseurope.13529.1
Siamak,Farshidi,first,,10.12688/openreseurope.13677.1
Xiaofeng,Liao,additional,,10.12688/openreseurope.13677.1
Na,Li,additional,,10.12688/openreseurope.13677.1
Doron,Goldfarb,additional,,10.12688/openreseurope.13677.1
Barbara,Magagna,additional,,10.12688/openreseurope.13677.1
Markus,Stocker,additional,,10.12688/openreseurope.13677.1
Keith,Jeffery,additional,,10.12688/openreseurope.13677.1
Peter,Thijsse,additional,,10.12688/openreseurope.13677.1
Christian,Pichot,additional,,10.12688/openreseurope.13677.1
Andreas,Petzold,additional,,10.12688/openreseurope.13677.1
Zhiming,Zhao,additional,,10.12688/openreseurope.13677.1
Ioannis,Sarridis,first,,10.12688/openreseurope.14421.1
Vasiliki,Gkatziaki,additional,,10.12688/openreseurope.14421.1
Emmanouil,Krasanakis,additional,,10.12688/openreseurope.14421.1
Nikos,Giatsoglou,additional,,10.12688/openreseurope.14421.1
Nikos,Sarris,additional,,10.12688/openreseurope.14421.1
Symeon,Papadopoulos,additional,,10.12688/openreseurope.14421.1
Ioannis,Kompatsiaris,additional,,10.12688/openreseurope.14421.1
Alberto,Aguilar,first,,10.12688/openreseurope.13066.1
Adeline,Boyreau,additional,,10.12688/openreseurope.13066.1
Pierre,Bon,additional,,10.12688/openreseurope.13066.1
Arturo,Luque,first,,10.12688/openreseurope.13990.1
Christian Etienne,Fleischer,first,,10.12688/openreseurope.13420.1
Markku,Pirttijärvi,first,,10.12688/openreseurope.13906.1
Ari,Saartenoja,additional,,10.12688/openreseurope.13906.1
Pekka,Korkeakangas,additional,,10.12688/openreseurope.13906.1
Rasim,Unan,first,,10.12688/openreseurope.13317.3
Ilyas,Deligoz,additional,,10.12688/openreseurope.13317.3
Kassim,Al-Khatib,additional,,10.12688/openreseurope.13317.3
Husrev,Mennan,additional,,10.12688/openreseurope.13317.3
Konstantinos,Chisiridis,first,,10.12688/openreseurope.14435.1
Georgios,Malliopoulos,additional,,10.12688/openreseurope.14435.1
Kostas,Giagtzoglou,additional,,10.12688/openreseurope.14435.1
Apostolos C.,Tsolakis,additional,,10.12688/openreseurope.14435.1
Martin,MELIN,first,,10.12688/openreseurope.14407.1
Geir,Lieblein,additional,,10.12688/openreseurope.14407.1
Tor Arvid,Breland,additional,,10.12688/openreseurope.14407.1
Charles,Francis,additional,,10.12688/openreseurope.14407.1
Samuel A.,Welch,first,,10.12688/openreseurope.14283.1
Taylor,Lane,additional,,10.12688/openreseurope.14283.1
Alizée O.S,Desrousseaux,additional,,10.12688/openreseurope.14283.1
Joanke,van Dijk,additional,,10.12688/openreseurope.14283.1
Annika,Mangold-Döring,additional,,10.12688/openreseurope.14283.1
Rudrani,Gajraj,additional,,10.12688/openreseurope.14283.1
John D.,Hader,additional,,10.12688/openreseurope.14283.1
Markus,Hermann,additional,,10.12688/openreseurope.14283.1
Anju,Parvathi Ayillyath Kutteyeri,additional,,10.12688/openreseurope.14283.1
Sophie,Mentzel,additional,,10.12688/openreseurope.14283.1
Poornima,Nagesh,additional,,10.12688/openreseurope.14283.1
Francesco,Polazzo,additional,,10.12688/openreseurope.14283.1
Sabrina K.,Roth,additional,,10.12688/openreseurope.14283.1
Alistair B.A.,Boxall,additional,,10.12688/openreseurope.14283.1
Benny,Chefetz,additional,,10.12688/openreseurope.14283.1
Stefan C.,Dekker,additional,,10.12688/openreseurope.14283.1
Josef,Eitzinger,additional,,10.12688/openreseurope.14283.1
Merete,Grung,additional,,10.12688/openreseurope.14283.1
Matthew,MacLeod,additional,,10.12688/openreseurope.14283.1
S. Jannicke,Moe,additional,,10.12688/openreseurope.14283.1
Andreu,Rico,additional,,10.12688/openreseurope.14283.1
Anna,Sobek,additional,,10.12688/openreseurope.14283.1
Annemarie P.,van Wezel,additional,,10.12688/openreseurope.14283.1
Paul,van den Brink,additional,,10.12688/openreseurope.14283.1
Zinzi E.,Pardoel,first,,10.12688/openreseurope.14415.1
Robert,Lensink,additional,,10.12688/openreseurope.14415.1
Maarten,Postma,additional,,10.12688/openreseurope.14415.1
Hla Hla,Win,additional,,10.12688/openreseurope.14415.1
Khin Hnin,Swe,additional,,10.12688/openreseurope.14415.1
Claire,Stein,additional,,10.12688/openreseurope.14415.1
Ratih,Febrinasari,additional,,10.12688/openreseurope.14415.1
Hoang,My Hanh,additional,,10.12688/openreseurope.14415.1
Jaap A.R.,Koot,additional,,10.12688/openreseurope.14415.1
Johanna A.,Landsman,additional,,10.12688/openreseurope.14415.1
Sijmen A.,Reijneveld,additional,,10.12688/openreseurope.14415.1
Natascia,Andrenacci,first,,10.12688/openreseurope.14354.2
Federico,Karagulian,additional,,10.12688/openreseurope.14354.2
Antonino,Genovese,additional,,10.12688/openreseurope.14354.2
Antti Joonas,Koivisto,first,,10.12688/openreseurope.13752.1
Andrea,Spinazzè,additional,,10.12688/openreseurope.13752.1
Frederik,Verdonck,additional,,10.12688/openreseurope.13752.1
Francesca,Borghi,additional,,10.12688/openreseurope.13752.1
Jakob,Löndahl,additional,,10.12688/openreseurope.13752.1
Ismo Kalevi,Koponen,additional,,10.12688/openreseurope.13752.1
Steven,Verpaele,additional,,10.12688/openreseurope.13752.1
Michael,Jayjock,additional,,10.12688/openreseurope.13752.1
Tareq,Hussein,additional,,10.12688/openreseurope.13752.1
Jesus,Lopez de Ipiña,additional,,10.12688/openreseurope.13752.1
Susan,Arnold,additional,,10.12688/openreseurope.13752.1
Irini,Furxhi,additional,,10.12688/openreseurope.13752.1
Eric A.,Jensen,first,,10.12688/openreseurope.14246.1
Aaron M.,Jensen,additional,,10.12688/openreseurope.14246.1
Sarah,Noles,additional,,10.12688/openreseurope.14246.1
Axel,Pfleger,additional,,10.12688/openreseurope.14246.1
Matthias,Pletzer,first,,10.12688/openreseurope.13723.2
Felix,Plasser,additional,,10.12688/openreseurope.13723.2
Martina,Rimmele,additional,,10.12688/openreseurope.13723.2
Martin,Heeney,additional,,10.12688/openreseurope.13723.2
Florian,Glöcklhofer,additional,,10.12688/openreseurope.13723.2
Daniel,Huppmann,first,,10.12688/openreseurope.13633.2
Matthew J.,Gidden,additional,,10.12688/openreseurope.13633.2
Zebedee,Nicholls,additional,,10.12688/openreseurope.13633.2
Jonas,Hörsch,additional,,10.12688/openreseurope.13633.2
Robin,Lamboll,additional,,10.12688/openreseurope.13633.2
Paul N.,Kishimoto,additional,,10.12688/openreseurope.13633.2
Thorsten,Burandt,additional,,10.12688/openreseurope.13633.2
Oliver,Fricko,additional,,10.12688/openreseurope.13633.2
Edward,Byers,additional,,10.12688/openreseurope.13633.2
Jarmo,Kikstra,additional,,10.12688/openreseurope.13633.2
Maarten,Brinkerink,additional,,10.12688/openreseurope.13633.2
Maik,Budzinski,additional,,10.12688/openreseurope.13633.2
Florian,Maczek,additional,,10.12688/openreseurope.13633.2
Sebastian,Zwickl-Bernhard,additional,,10.12688/openreseurope.13633.2
Lara,Welder,additional,,10.12688/openreseurope.13633.2
Erik Francisco,Álvarez Quispe,additional,,10.12688/openreseurope.13633.2
Christopher J.,Smith,additional,,10.12688/openreseurope.13633.2
Jacob,Madsen,first,,10.12688/openreseurope.13015.2
Toma,Susi,additional,,10.12688/openreseurope.13015.2
George,Meramveliotakis,first,,10.12688/openreseurope.14313.1
George,Kosmadakis,additional,,10.12688/openreseurope.14313.1
Sotirios,Karellas,additional,,10.12688/openreseurope.14313.1
Siamak,Farshidi,first,,10.12688/openreseurope.13677.2
Xiaofeng,Liao,additional,,10.12688/openreseurope.13677.2
Na,Li,additional,,10.12688/openreseurope.13677.2
Doron,Goldfarb,additional,,10.12688/openreseurope.13677.2
Barbara,Magagna,additional,,10.12688/openreseurope.13677.2
Markus,Stocker,additional,,10.12688/openreseurope.13677.2
Keith,Jeffery,additional,,10.12688/openreseurope.13677.2
Peter,Thijsse,additional,,10.12688/openreseurope.13677.2
Christian,Pichot,additional,,10.12688/openreseurope.13677.2
Andreas,Petzold,additional,,10.12688/openreseurope.13677.2
Zhiming,Zhao,additional,,10.12688/openreseurope.13677.2
Roshni,Biswas,first,,10.12688/openreseurope.13094.2
Axel,Schiller,additional,,10.12688/openreseurope.13094.2
Chiara,Casolani,additional,,10.12688/openreseurope.13094.2
Elza,Daoud,additional,,10.12688/openreseurope.13094.2
Albi,Dode,additional,,10.12688/openreseurope.13094.2
Eleni,Genitsaridi,additional,,10.12688/openreseurope.13094.2
Laure,Jacquemin,additional,,10.12688/openreseurope.13094.2
Nuwan,Liyanage,additional,,10.12688/openreseurope.13094.2
Matheus,Lourenco,additional,,10.12688/openreseurope.13094.2
Punitkumar,Makani,additional,,10.12688/openreseurope.13094.2
Vinay,Parameshwarappa,additional,,10.12688/openreseurope.13094.2
Constanze,Riha,additional,,10.12688/openreseurope.13094.2
Jose,L Santacruz,additional,,10.12688/openreseurope.13094.2
Maryam,Shabbir,additional,,10.12688/openreseurope.13094.2
Jorge,Simoes,additional,,10.12688/openreseurope.13094.2
Natalia,Trpchevska,additional,,10.12688/openreseurope.13094.2
Stefan,Schoisswohl,additional,,10.12688/openreseurope.13094.2
Abbie,Hantgan,first,,10.12688/openreseurope.14339.1
Hiba,Babiker,additional,,10.12688/openreseurope.14339.1
Johann-Mattis,List,additional,,10.12688/openreseurope.14339.1
Mobyen Uddin,Ahmed,first,,10.12688/openreseurope.13592.1
Mir Riyanul,Islam,additional,,10.12688/openreseurope.13592.1
Shaibal,Barua,additional,,10.12688/openreseurope.13592.1
Bertil,Hök,additional,,10.12688/openreseurope.13592.1
Emma,Jonforsen,additional,,10.12688/openreseurope.13592.1
Shahina,Begum,additional,,10.12688/openreseurope.13592.1
Daniel,Spichtinger,first,,10.12688/openreseurope.13342.2
Samuel,Danzon-Chambaud,first,,10.12688/openreseurope.13096.1
Lars,Kaestner,first,,10.12688/openreseurope.13255.1
Matthias W.,Laschke,additional,,10.12688/openreseurope.13255.1
Thomas,John,additional,,10.12688/openreseurope.13255.1
Christian,Wagner,additional,,10.12688/openreseurope.13255.1
Anna,Bogdanova,additional,,10.12688/openreseurope.13255.1
Sofia,Lindström Sol,first,,10.12688/openreseurope.14147.1
Cia,Gustrén,additional,,10.12688/openreseurope.14147.1
Gustaf,Nelhans,additional,,10.12688/openreseurope.14147.1
Johan,Eklund,additional,,10.12688/openreseurope.14147.1
Jenny,Johannisson,additional,,10.12688/openreseurope.14147.1
Roger,Blomgren,additional,,10.12688/openreseurope.14147.1
Simone,Maranghi,first,,10.12688/openreseurope.13428.2
Maria Laura,Parisi,additional,,10.12688/openreseurope.13428.2
Riccardo,Basosi,additional,,10.12688/openreseurope.13428.2
Adalgisa,Sinicropi,additional,,10.12688/openreseurope.13428.2
Dimitris,ALIMISIS,first,,10.12688/openreseurope.13321.1
Paul,De Raeve,first,,10.12688/openreseurope.13231.1
Patricia M.,Davidson,additional,,10.12688/openreseurope.13231.1
Franklin A.,Shaffer,additional,,10.12688/openreseurope.13231.1
Eric,Pol,additional,,10.12688/openreseurope.13231.1
Amit Kumar,Pandey,additional,,10.12688/openreseurope.13231.1
Elizabeth,Adams,additional,,10.12688/openreseurope.13231.1
Roshni,Biswas,first,,10.12688/openreseurope.13094.1
Axel,Schiller,additional,,10.12688/openreseurope.13094.1
Chiara,Casolani,additional,,10.12688/openreseurope.13094.1
Elza,Daoud,additional,,10.12688/openreseurope.13094.1
Albi,Dode,additional,,10.12688/openreseurope.13094.1
Eleni,Genitsaridi,additional,,10.12688/openreseurope.13094.1
Laure,Jacquemin,additional,,10.12688/openreseurope.13094.1
Nuwan,Liyanage,additional,,10.12688/openreseurope.13094.1
Matheus,Lourenco,additional,,10.12688/openreseurope.13094.1
Punitkumar,Makani,additional,,10.12688/openreseurope.13094.1
Vinay,Parameshwarappa,additional,,10.12688/openreseurope.13094.1
Constanze,Riha,additional,,10.12688/openreseurope.13094.1
Jose,L Santacruz,additional,,10.12688/openreseurope.13094.1
Maryam,Shabbir,additional,,10.12688/openreseurope.13094.1
Jorge,Simoes,additional,,10.12688/openreseurope.13094.1
Natalia,Trpchevska,additional,,10.12688/openreseurope.13094.1
Stefan,Schoisswohl,additional,,10.12688/openreseurope.13094.1
Alexander,Araya López,first,,10.12688/openreseurope.13253.1
Radosław,Budzyński,first,,10.12688/openreseurope.13259.1
Dzianis,Filipchyk,additional,,10.12688/openreseurope.13259.1
Melchior,Jakubowski,additional,,10.12688/openreseurope.13259.1
Dzmitry,Marozau,additional,,10.12688/openreseurope.13259.1
Ruth Sargent,Noyes,additional,,10.12688/openreseurope.13259.1
Vika,Veličkaitė,additional,,10.12688/openreseurope.13259.1
Rubén,Arcos,first,,10.12688/openreseurope.14088.1
Manuel,Gertrudix,additional,,10.12688/openreseurope.14088.1
Cristina,Arribas,additional,,10.12688/openreseurope.14088.1
Monica,Cardarilli,additional,,10.12688/openreseurope.14088.1
Otto,Kässi,first,,10.12688/openreseurope.13639.3
Vili,Lehdonvirta,additional,,10.12688/openreseurope.13639.3
Fabian,Stephany,additional,,10.12688/openreseurope.13639.3
Martin,Anegg,first,,10.12688/openreseurope.14406.1
Julia,Prakofjewa,additional,,10.12688/openreseurope.14406.1
Raivo,Kalle,additional,,10.12688/openreseurope.14406.1
Renata,Sõukand,additional,,10.12688/openreseurope.14406.1
Andrea,Correa-Pérez,first,,10.12688/openreseurope.14290.1
Jorge de Vicente,Guijarro,additional,,10.12688/openreseurope.14290.1
Andrea,Gaetano Gil,additional,,10.12688/openreseurope.14290.1
Juan,Ocaña Jiménez,additional,,10.12688/openreseurope.14290.1
Raquel,Luengo González,additional,,10.12688/openreseurope.14290.1
David,Rigau Comas,additional,,10.12688/openreseurope.14290.1
Josefina,Bendersky,additional,,10.12688/openreseurope.14290.1
María Ximena,Rojas Reyes,additional,,10.12688/openreseurope.14290.1
María Nieves,Plana Farrás,additional,,10.12688/openreseurope.14290.1
Michael V,Westbury,first,,10.12688/openreseurope.13104.2
Ross,Barnett,additional,,10.12688/openreseurope.13104.2
Marcela,Sandoval-Velasco,additional,,10.12688/openreseurope.13104.2
Graham,Gower,additional,,10.12688/openreseurope.13104.2
Filipe Garrett,Vieira,additional,,10.12688/openreseurope.13104.2
Marc,de Manuel,additional,,10.12688/openreseurope.13104.2
Anders J,Hansen,additional,,10.12688/openreseurope.13104.2
Nobuyuki,Yamaguchi,additional,,10.12688/openreseurope.13104.2
Lars,Werdelin,additional,,10.12688/openreseurope.13104.2
Tomas,Marques-Bonet,additional,,10.12688/openreseurope.13104.2
M Thomas P,Gilbert,additional,,10.12688/openreseurope.13104.2
Eline D,Lorenzen,additional,,10.12688/openreseurope.13104.2
Sebastian,Lifka,first,,10.12688/openreseurope.13087.1
Ivan,Ponomarev,additional,,10.12688/openreseurope.13087.1
Agnes,Weth,additional,,10.12688/openreseurope.13087.1
David,Baumgartner,additional,,10.12688/openreseurope.13087.1
Bernd,Lamprecht,additional,,10.12688/openreseurope.13087.1
Werner,Baumgartner,additional,,10.12688/openreseurope.13087.1
Carlos,del Cañizo,first,,10.12688/openreseurope.13069.1
Ana Belén,Cristóbal,additional,,10.12688/openreseurope.13069.1
Luisa,Barbosa,additional,,10.12688/openreseurope.13069.1
Gema,Revuelta,additional,,10.12688/openreseurope.13069.1
Sabine,Haas,additional,,10.12688/openreseurope.13069.1
Marta,Victoria,additional,,10.12688/openreseurope.13069.1
Martin,Brocklehurst,additional,,10.12688/openreseurope.13069.1
Jennifer N.W.,Lim,first,,10.12688/openreseurope.13700.2
Kristina,Niedderer,additional,,10.12688/openreseurope.13700.2
Isabelle,Tournier,additional,,10.12688/openreseurope.13700.2
Rosa,Almeida,additional,,10.12688/openreseurope.13700.2
Dew,Harrison,additional,,10.12688/openreseurope.13700.2
Vjera,Holthoff-Detto,additional,,10.12688/openreseurope.13700.2
Geke,Ludden,additional,,10.12688/openreseurope.13700.2
Thomas,van Rompay,additional,,10.12688/openreseurope.13700.2
Mascha,van der Voort,additional,,10.12688/openreseurope.13700.2
Aleksandra,Galansinska,additional,,10.12688/openreseurope.13700.2
Tina,Smith,additional,,10.12688/openreseurope.13700.2
Raquel L.,Lasada,additional,,10.12688/openreseurope.13700.2
Yolanda A.,Bueno,additional,,10.12688/openreseurope.13700.2
Diana,Druschke,additional,,10.12688/openreseurope.13700.2
Berit,Ziebuhr,additional,,10.12688/openreseurope.13700.2
Michele,Zanasi,additional,,10.12688/openreseurope.13700.2
Giorgio,Dall'Olmo,first,,10.12688/openreseurope.14133.2
Francesco,Nencioli,additional,,10.12688/openreseurope.14133.2
Thomas,Jackson,additional,,10.12688/openreseurope.14133.2
Robert J. W.,Brewin,additional,,10.12688/openreseurope.14133.2
John A.,Gittings,additional,,10.12688/openreseurope.14133.2
Dionysios E.,Raitsos,additional,,10.12688/openreseurope.14133.2
Kelly,Achenbach,first,,10.12688/openreseurope.14318.1
Marta,Błaszczyńska,additional,,10.12688/openreseurope.14318.1
Stefano,De Paoli,additional,,10.12688/openreseurope.14318.1
Francesca,Di Donato,additional,,10.12688/openreseurope.14318.1
Suzanne,Dumouchel,additional,,10.12688/openreseurope.14318.1
Paula,Forbes,additional,,10.12688/openreseurope.14318.1
Peter,Kraker,additional,,10.12688/openreseurope.14318.1
Michela,Vignoli,additional,,10.12688/openreseurope.14318.1
Renata,Sõukand,first,,10.12688/openreseurope.13138.1
Raivo,Kalle,additional,,10.12688/openreseurope.13138.1
Michele Filippo,Fontefrancesco,additional,,10.12688/openreseurope.13138.1
Andrea,Pieroni,additional,,10.12688/openreseurope.13138.1
Camilla,Bertolini,first,,10.12688/openreseurope.14074.2
Roberto,Pastres,additional,,10.12688/openreseurope.14074.2
Alexandra,König,first,,10.12688/openreseurope.14315.1
Tally,Hatzakis,additional,,10.12688/openreseurope.14315.1
Alexey,Andrushevich,additional,,10.12688/openreseurope.14315.1
Evert-Jan,Hoogerwerf,additional,,10.12688/openreseurope.14315.1
Eliva,Vasconcelos,additional,,10.12688/openreseurope.14315.1
Carolina,Launo,additional,,10.12688/openreseurope.14315.1
Laura,Alčiauskaitė,additional,,10.12688/openreseurope.14315.1
Steven,Barbosa,additional,,10.12688/openreseurope.14315.1
Kristina,Andersen,additional,,10.12688/openreseurope.14315.1
Alicia,Gómez Sánchez,first,,10.12688/openreseurope.13923.1
Yolanda,Álvarez,additional,,10.12688/openreseurope.13923.1
Basilio,Colligris,additional,,10.12688/openreseurope.13923.1
Breandán N.,Kennedy,additional,,10.12688/openreseurope.13923.1
Tessa,Beinema,first,,10.12688/openreseurope.14279.1
Harm,op den Akker,additional,,10.12688/openreseurope.14279.1
Dennis,Hofs,additional,,10.12688/openreseurope.14279.1
Boris,van Schooten,additional,,10.12688/openreseurope.14279.1
Paranjeet,Lakhtaria,first,,10.12688/openreseurope.13812.2
Paulo,Ribeirinha,additional,,10.12688/openreseurope.13812.2
Werneri,Huhtinen,additional,,10.12688/openreseurope.13812.2
Saara,Viik,additional,,10.12688/openreseurope.13812.2
José,Sousa,additional,,10.12688/openreseurope.13812.2
Adélio,Mendes,additional,,10.12688/openreseurope.13812.2
Phoebe,Koundouri,first,,10.12688/openreseurope.14300.1
Nikitas,Pittis,additional,,10.12688/openreseurope.14300.1
Panagiotis,Samartzis,additional,,10.12688/openreseurope.14300.1
Nikolaos,Englezos,additional,,10.12688/openreseurope.14300.1
Andreas,Papandreou,additional,,10.12688/openreseurope.14300.1
Christopher A.,Emerling,first,,10.12688/openreseurope.13795.1
Mark S.,Springer,additional,,10.12688/openreseurope.13795.1
John,Gatesy,additional,,10.12688/openreseurope.13795.1
Zachary,Jones,additional,,10.12688/openreseurope.13795.1
Deana,Hamilton,additional,,10.12688/openreseurope.13795.1
David,Xia-Zhu,additional,,10.12688/openreseurope.13795.1
Matt,Collin,additional,,10.12688/openreseurope.13795.1
Frédéric,Delsuc,additional,,10.12688/openreseurope.13795.1
Oskar,Ronan,first,,10.12688/openreseurope.14378.2
Clive,Downing,additional,,10.12688/openreseurope.14378.2
Valeria,Nicolosi,additional,,10.12688/openreseurope.14378.2
Eric A.,Jensen,first,,10.12688/openreseurope.14232.1
Edurne,Elorza,first,,10.12688/openreseurope.13288.2
Ibon,Aranberri,additional,,10.12688/openreseurope.13288.2
Xiangming,Zhou,additional,,10.12688/openreseurope.13288.2
Gediminas,Kastiukas,additional,,10.12688/openreseurope.13288.2
Juan Antonio,Alduncin,additional,,10.12688/openreseurope.13288.2
Manuel,Bailera,first,,10.12688/openreseurope.14275.1
Takao,Nakagaki,additional,,10.12688/openreseurope.14275.1
Ryoma,Kataoka,additional,,10.12688/openreseurope.14275.1
Sebastian,Sterl,first,,10.12688/openreseurope.13392.2
Albertine,Devillers,additional,,10.12688/openreseurope.13392.2
Celray James,Chawanda,additional,,10.12688/openreseurope.13392.2
Ann,van Griensven,additional,,10.12688/openreseurope.13392.2
Wim,Thiery,additional,,10.12688/openreseurope.13392.2
Daniel,Russo,additional,,10.12688/openreseurope.13392.2
Ana,Foles,first,,10.12688/openreseurope.14301.1
Luís,Fialho,additional,,10.12688/openreseurope.14301.1
Pedro,Horta,additional,,10.12688/openreseurope.14301.1
Manuel,Collares-Pereira,additional,,10.12688/openreseurope.14301.1
Simone,Maranghi,first,,10.12688/openreseurope.13428.1
Maria Laura,Parisi,additional,,10.12688/openreseurope.13428.1
Riccardo,Basosi,additional,,10.12688/openreseurope.13428.1
Adalgisa,Sinicropi,additional,,10.12688/openreseurope.13428.1
Sophie L.,Baartman,first,,10.12688/openreseurope.13875.2
Maarten C.,Krol,additional,,10.12688/openreseurope.13875.2
Thomas,Röckmann,additional,,10.12688/openreseurope.13875.2
Shohei,Hattori,additional,,10.12688/openreseurope.13875.2
Kazuki,Kamezaki,additional,,10.12688/openreseurope.13875.2
Naohiro,Yoshida,additional,,10.12688/openreseurope.13875.2
Maria Elena,Popa,additional,,10.12688/openreseurope.13875.2
Eric A.,Jensen,first,,10.12688/openreseurope.14205.1
Mark,Reed,additional,,10.12688/openreseurope.14205.1
Aaron M.,Jensen,additional,,10.12688/openreseurope.14205.1
Alexander,Gerber,additional,,10.12688/openreseurope.14205.1
Giovanni,Di Pino,first,,10.12688/openreseurope.13641.2
Alessandro,Mioli,additional,,10.12688/openreseurope.13641.2
Claudia,Altamura,additional,,10.12688/openreseurope.13641.2
Marco,D'Alonzo,additional,,10.12688/openreseurope.13641.2
Nikitas,Pittis,first,,10.12688/openreseurope.13196.1
Phoebe,Koundouri,additional,,10.12688/openreseurope.13196.1
Panagiotis,Samartzis,additional,,10.12688/openreseurope.13196.1
Nikolaos,Englezos,additional,,10.12688/openreseurope.13196.1
Andreas,Papandreou,additional,,10.12688/openreseurope.13196.1
Irene,Buselli,first,,10.12688/openreseurope.14040.2
Luca,Oneto,additional,,10.12688/openreseurope.14040.2
Carlo,Dambra,additional,,10.12688/openreseurope.14040.2
Christian,Verdonk Gallego,additional,,10.12688/openreseurope.14040.2
Miguel,García Martínez,additional,,10.12688/openreseurope.14040.2
Anthony,Smoker,additional,,10.12688/openreseurope.14040.2
Nnenna,Ike,additional,,10.12688/openreseurope.14040.2
Tamara,Pejovic,additional,,10.12688/openreseurope.14040.2
Patricia,Ruiz Martino,additional,,10.12688/openreseurope.14040.2
Darren,Leniston,first,,10.12688/openreseurope.14115.1
David,Ryan,additional,,10.12688/openreseurope.14115.1
Clem,Power,additional,,10.12688/openreseurope.14115.1
Paul,Hayes,additional,,10.12688/openreseurope.14115.1
Steven,Davy,additional,,10.12688/openreseurope.14115.1
Mario,Garcia-Lechuga,first,,10.12688/openreseurope.13073.1
David,Grojo,additional,,10.12688/openreseurope.13073.1
Jiangrong,Wang,first,,10.12688/openreseurope.13398.1
K. Miriam,Elfström,additional,,10.12688/openreseurope.13398.1
Christer,Borgfeldt,additional,,10.12688/openreseurope.13398.1
Joakim,Dillner,additional,,10.12688/openreseurope.13398.1
Fred,Sanders,first,,10.12688/openreseurope.13125.1
Hugo,Sanders,additional,,10.12688/openreseurope.13125.1
Karen,Jonkers,additional,,10.12688/openreseurope.13125.1
John,McGuire,first,,10.12688/openreseurope.13726.1
Diana,Süsser,first,,10.12688/openreseurope.13683.2
Andrzej,Ceglarz,additional,,10.12688/openreseurope.13683.2
Vassilis,Stavrakas,additional,,10.12688/openreseurope.13683.2
Johan,Lilliestam,additional,,10.12688/openreseurope.13683.2
Elias,Liarte,first,,10.12688/openreseurope.13716.2
Valentina,Zambrano,additional,,10.12688/openreseurope.13716.2
Leticia,A. Gracia,additional,,10.12688/openreseurope.13716.2
José Ignacio,Amor,additional,,10.12688/openreseurope.13716.2
Marcos,Borro,additional,,10.12688/openreseurope.13716.2
Belén,Hernández-Gascón,additional,,10.12688/openreseurope.13716.2
Charlotte Eloise,Stancioff,first,,10.12688/openreseurope.13271.1
Laila Māra,Pesoa,additional,,10.12688/openreseurope.13271.1
Plamen,Penev,additional,,10.12688/openreseurope.13271.1
Karine,Jegiazarjana,additional,,10.12688/openreseurope.13271.1
Hannah,van Alebeek,first,,10.12688/openreseurope.13241.3
Sercan,Kahveci,additional,,10.12688/openreseurope.13241.3
Jens,Blechert,additional,,10.12688/openreseurope.13241.3
Hiroko,Costantini,first,,10.12688/openreseurope.13853.1
Misato,Nihei,additional,,10.12688/openreseurope.13853.1
Tomoyuki,Ueno,additional,,10.12688/openreseurope.13853.1
Ariadna,Auladell-Rispau,first,,10.12688/openreseurope.14044.1
Josefina,Bendersky,additional,,10.12688/openreseurope.14044.1
Angie,Santafe,additional,,10.12688/openreseurope.14044.1
Cecilia,Buchanan,additional,,10.12688/openreseurope.14044.1
David,Rigau,additional,,10.12688/openreseurope.14044.1
Francisca,Verdugo,additional,,10.12688/openreseurope.14044.1
Camila,Ávila,additional,,10.12688/openreseurope.14044.1
Pablo,Alonso,additional,,10.12688/openreseurope.14044.1
Gerard,Urrutia,additional,,10.12688/openreseurope.14044.1
Gabriel,Rada,additional,,10.12688/openreseurope.14044.1
María Ximena,Rojas-Reyes,additional,,10.12688/openreseurope.14044.1
Jennifer N.W.,Lim,first,,10.12688/openreseurope.13700.1
Kristina,Niedderer,additional,,10.12688/openreseurope.13700.1
Isabelle,Tournier,additional,,10.12688/openreseurope.13700.1
Rosa,Almeida,additional,,10.12688/openreseurope.13700.1
Dew,Harrison,additional,,10.12688/openreseurope.13700.1
Vjera,Holthoff-Detto,additional,,10.12688/openreseurope.13700.1
Geke,Ludden,additional,,10.12688/openreseurope.13700.1
Thomas,van Rompay,additional,,10.12688/openreseurope.13700.1
Mascha,van der Voort,additional,,10.12688/openreseurope.13700.1
Aleksandra,Galansinska,additional,,10.12688/openreseurope.13700.1
Tina,Smith,additional,,10.12688/openreseurope.13700.1
Raquel L.,Lasada,additional,,10.12688/openreseurope.13700.1
Yolanda A.,Bueno,additional,,10.12688/openreseurope.13700.1
Diana,Druschke,additional,,10.12688/openreseurope.13700.1
Berit,Ziebuhr,additional,,10.12688/openreseurope.13700.1
Michele,Zanasi,additional,,10.12688/openreseurope.13700.1
Aldo,Valencia,first,,10.12688/openreseurope.14148.1
Alison,Pearce,additional,,10.12688/openreseurope.14148.1
Martin,Ryan,additional,,10.12688/openreseurope.14148.1
Charilaos,Papaevangelou,first,,10.12688/openreseurope.13358.1
Rasim,Unan,first,,10.12688/openreseurope.13317.2
Ilyas,Deligoz,additional,,10.12688/openreseurope.13317.2
Kassim,Al-Khatib,additional,,10.12688/openreseurope.13317.2
Husrev,Mennan,additional,,10.12688/openreseurope.13317.2
Raphaël,Aussenac,first,,10.12688/openreseurope.13671.2
Thomas,Pérot,additional,,10.12688/openreseurope.13671.2
Mathieu,Fortin,additional,,10.12688/openreseurope.13671.2
Francois,de Coligny,additional,,10.12688/openreseurope.13671.2
Jean-Matthieu,Monnet,additional,,10.12688/openreseurope.13671.2
Patrick,Vallet,additional,,10.12688/openreseurope.13671.2
Marco,Buechele,first,,10.12688/openreseurope.14198.1
Helene,Lutz,additional,,10.12688/openreseurope.14198.1
Florian,Knaus,additional,,10.12688/openreseurope.14198.1
Alexander,Reichhold,additional,,10.12688/openreseurope.14198.1
Robbie,Venderbosch,additional,,10.12688/openreseurope.14198.1
Wolfgang,Vollnhofer,additional,,10.12688/openreseurope.14198.1
Otto,Kässi,first,,10.12688/openreseurope.13639.4
Vili,Lehdonvirta,additional,,10.12688/openreseurope.13639.4
Fabian,Stephany,additional,,10.12688/openreseurope.13639.4
Filippo,Brandolini,first,,10.12688/openreseurope.13135.2
Guillem,Domingo-Ribas,additional,,10.12688/openreseurope.13135.2
Andrea,Zerboni,additional,,10.12688/openreseurope.13135.2
Sam,Turner,additional,,10.12688/openreseurope.13135.2
Oskar,Ronan,first,,10.12688/openreseurope.14378.1
Clive,Downing,additional,,10.12688/openreseurope.14378.1
Valeria,Nicolosi,additional,,10.12688/openreseurope.14378.1
Nikolaos,Efthymiopoulos,first,,10.12688/openreseurope.14109.1
Prodromos,Makris,additional,,10.12688/openreseurope.14109.1
Georgios,Tsaousoglou,additional,,10.12688/openreseurope.14109.1
Konstantinos,Steriotis,additional,,10.12688/openreseurope.14109.1
Dimitrios J.,Vergados,additional,,10.12688/openreseurope.14109.1
Alireza,Khaksari,additional,,10.12688/openreseurope.14109.1
Lars,Herre,additional,,10.12688/openreseurope.14109.1
Victor,Lacort,additional,,10.12688/openreseurope.14109.1
German,Martinez,additional,,10.12688/openreseurope.14109.1
Elena Leal,Lorente,additional,,10.12688/openreseurope.14109.1
Robert,Gehrcke,additional,,10.12688/openreseurope.14109.1
Matin,Bagherpour,additional,,10.12688/openreseurope.14109.1
Gesa,Milzer,additional,,10.12688/openreseurope.14109.1
Bryan,Pellerin,additional,,10.12688/openreseurope.14109.1
Farhan,Farrukh,additional,,10.12688/openreseurope.14109.1
Malte,Thoma,additional,,10.12688/openreseurope.14109.1
Tonci,Tadin,additional,,10.12688/openreseurope.14109.1
Maria-Iro,Baka,additional,,10.12688/openreseurope.14109.1
Christina,Papadimitriou,additional,,10.12688/openreseurope.14109.1
Andreas,Kyprianou,additional,,10.12688/openreseurope.14109.1
George E.,Georghiou,additional,,10.12688/openreseurope.14109.1
Hrvoje,Pandzic,additional,,10.12688/openreseurope.14109.1
Domagoj,Badanjak,additional,,10.12688/openreseurope.14109.1
Spyros,Chatzivasileiadis,additional,,10.12688/openreseurope.14109.1
Eléa,Prat,additional,,10.12688/openreseurope.14109.1
Mihai,Calin,additional,,10.12688/openreseurope.14109.1
Tara,Esterl,additional,,10.12688/openreseurope.14109.1
Filip,Pröstl Andrén,additional,,10.12688/openreseurope.14109.1
Emmanouel,Varvarigos,additional,,10.12688/openreseurope.14109.1
Lorena C.,Bianchet,first,,10.12688/openreseurope.13972.1
Natalia,Alves,additional,,10.12688/openreseurope.13972.1
Laura,Zarraoa,additional,,10.12688/openreseurope.13972.1
Natalia,Bruno,additional,,10.12688/openreseurope.13972.1
Morgan W.,Mitchell,additional,,10.12688/openreseurope.13972.1
Lorena C.,Bianchet,first,,10.12688/openreseurope.13972.2
Natalia,Alves,additional,,10.12688/openreseurope.13972.2
Laura,Zarraoa,additional,,10.12688/openreseurope.13972.2
Natalia,Bruno,additional,,10.12688/openreseurope.13972.2
Morgan W.,Mitchell,additional,,10.12688/openreseurope.13972.2
Denise,Amram,first,,10.12688/openreseurope.14524.1
Arianna,Cignoni,additional,,10.12688/openreseurope.14524.1
Tommaso,Banfi,additional,,10.12688/openreseurope.14524.1
Gastone,Ciuti,additional,,10.12688/openreseurope.14524.1
Alicia,Gómez Sánchez,first,,10.12688/openreseurope.13923.2
Yolanda,Álvarez,additional,,10.12688/openreseurope.13923.2
Basilio,Colligris,additional,,10.12688/openreseurope.13923.2
Breandán N.,Kennedy,additional,,10.12688/openreseurope.13923.2
Jae Wook,Chung,first,,10.12688/openreseurope.14306.1
Gabriel,Gerner,additional,,10.12688/openreseurope.14306.1
Ekaterina,Ovsyannikova,additional,,10.12688/openreseurope.14306.1
Alexander,Treichler,additional,,10.12688/openreseurope.14306.1
Urs,Baier,additional,,10.12688/openreseurope.14306.1
Judy,Libra,additional,,10.12688/openreseurope.14306.1
Rolf,Krebs,additional,,10.12688/openreseurope.14306.1
Armelle,Prunier,first,,10.12688/openreseurope.14367.1
Maud,Pauwels,additional,,10.12688/openreseurope.14367.1
Mily,Leblanc-Maridor,additional,,10.12688/openreseurope.14367.1
Laetitia,Jaillardon,additional,,10.12688/openreseurope.14367.1
Catherine,Belloc,additional,,10.12688/openreseurope.14367.1
Elodie,Merlot,additional,,10.12688/openreseurope.14367.1
Jacob,Madsen,first,,10.12688/openreseurope.13015.1
Toma,Susi,additional,,10.12688/openreseurope.13015.1
Monika,Salzbrunn,first,,10.12688/openreseurope.13634.1
Camilla,Bertolini,first,,10.12688/openreseurope.14074.1
Roberto,Pastres,additional,,10.12688/openreseurope.14074.1
Eric A.,Jensen,first,,10.12688/openreseurope.14325.1
Lars,Lorenz,additional,,10.12688/openreseurope.14325.1
Christopher A.,Emerling,first,,10.12688/openreseurope.13795.2
Mark S.,Springer,additional,,10.12688/openreseurope.13795.2
John,Gatesy,additional,,10.12688/openreseurope.13795.2
Zachary,Jones,additional,,10.12688/openreseurope.13795.2
Deana,Hamilton,additional,,10.12688/openreseurope.13795.2
David,Xia-Zhu,additional,,10.12688/openreseurope.13795.2
Matt,Collin,additional,,10.12688/openreseurope.13795.2
Frédéric,Delsuc,additional,,10.12688/openreseurope.13795.2
Muhammad,Eusha,first,,10.12688/openreseurope.14361.1
Wolfgang,Schulz,additional,,10.12688/openreseurope.14361.1
Günter,Schumacher,additional,,10.12688/openreseurope.14361.1
Faraz Rasheed,Mir,additional,,10.12688/openreseurope.14361.1
Gerhard,Schories,additional,,10.12688/openreseurope.14361.1
Martin,Coath,first,,10.12688/openreseurope.14033.1
Ilona,Mettiäinen,additional,,10.12688/openreseurope.14033.1
Roxana,Contreras,additional,,10.12688/openreseurope.14033.1
Jusu,Toivonen,additional,,10.12688/openreseurope.14033.1
John,Moore,additional,,10.12688/openreseurope.14033.1
Theresia,Perger,first,,10.12688/openreseurope.14332.1
Hans,Auer,additional,,10.12688/openreseurope.14332.1
Chiara,Giubbi,first,,10.12688/openreseurope.14344.1
Marianna,Martinelli,additional,,10.12688/openreseurope.14344.1
Ivan,Vallini,additional,,10.12688/openreseurope.14344.1
Silvia,Paganoni,additional,,10.12688/openreseurope.14344.1
Tarig,Dafa'alla,additional,,10.12688/openreseurope.14344.1
Federica,Perdoni,additional,,10.12688/openreseurope.14344.1
Rosario,Musumeci,additional,,10.12688/openreseurope.14344.1
Winnie,Wu,additional,,10.12688/openreseurope.14344.1
Santina,Castriciano,additional,,10.12688/openreseurope.14344.1
Paolo,Romano,additional,,10.12688/openreseurope.14344.1
Clementina E.,Cocuzza,additional,,10.12688/openreseurope.14344.1
Matthias,Pletzer,first,,10.12688/openreseurope.13723.1
Felix,Plasser,additional,,10.12688/openreseurope.13723.1
Martina,Rimmele,additional,,10.12688/openreseurope.13723.1
Martin,Heeney,additional,,10.12688/openreseurope.13723.1
Florian,Glöcklhofer,additional,,10.12688/openreseurope.13723.1
Sakdirat,Kaewunruen,first,,10.12688/openreseurope.13806.1
Jessada,Sresakoolchai,additional,,10.12688/openreseurope.13806.1
Yi-hsuan,Lin,additional,,10.12688/openreseurope.13806.1
Chrysanthi,Akrivou,first,,10.12688/openreseurope.13893.1
Lucyna,Łȩkawska-Andrinopoulou,additional,,10.12688/openreseurope.13893.1
Georgios,Tsimiklis,additional,,10.12688/openreseurope.13893.1
Angelos,Amditis,additional,,10.12688/openreseurope.13893.1
Anna,Bychek,first,,10.12688/openreseurope.13781.1
Christoph,Hotter,additional,,10.12688/openreseurope.13781.1
David,Plankensteiner,additional,,10.12688/openreseurope.13781.1
Helmut,Ritsch,additional,,10.12688/openreseurope.13781.1
Anais,Resseguier,first,,10.12688/openreseurope.13260.1
Rowena,Rodrigues,additional,,10.12688/openreseurope.13260.1
Peter Jan,Vonk,first,,10.12688/openreseurope.14262.1
Robin A.,Ohm,additional,,10.12688/openreseurope.14262.1
Chiara,Mannoni,first,,10.12688/openreseurope.13539.1
Sebastian,Lifka,first,,10.12688/openreseurope.13087.3
Ivan,Ponomarev,additional,,10.12688/openreseurope.13087.3
Agnes,Weth,additional,,10.12688/openreseurope.13087.3
David,Baumgartner,additional,,10.12688/openreseurope.13087.3
Bernd,Lamprecht,additional,,10.12688/openreseurope.13087.3
Werner,Baumgartner,additional,,10.12688/openreseurope.13087.3
Jennifer N.W.,Lim,first,,10.12688/openreseurope.13700.3
Kristina,Niedderer,additional,,10.12688/openreseurope.13700.3
Isabelle,Tournier,additional,,10.12688/openreseurope.13700.3
Rosa,Almeida,additional,,10.12688/openreseurope.13700.3
Dew,Harrison,additional,,10.12688/openreseurope.13700.3
Vjera,Holthoff-Detto,additional,,10.12688/openreseurope.13700.3
Geke,Ludden,additional,,10.12688/openreseurope.13700.3
Thomas,van Rompay,additional,,10.12688/openreseurope.13700.3
Mascha,van der Voort,additional,,10.12688/openreseurope.13700.3
Aleksandra,Galansinska,additional,,10.12688/openreseurope.13700.3
Tina,Smith,additional,,10.12688/openreseurope.13700.3
Raquel L.,Lasada,additional,,10.12688/openreseurope.13700.3
Yolanda A.,Bueno,additional,,10.12688/openreseurope.13700.3
Diana,Druschke,additional,,10.12688/openreseurope.13700.3
Berit,Ziebuhr,additional,,10.12688/openreseurope.13700.3
Michele,Zanasi,additional,,10.12688/openreseurope.13700.3
Thijs,Devriendt,first,,10.12688/openreseurope.13860.2
Clemens,Ammann,additional,,10.12688/openreseurope.13860.2
Folkert,W. Asselbergs,additional,,10.12688/openreseurope.13860.2
Alexander,Bernier,additional,,10.12688/openreseurope.13860.2
Rodrigo,Costas,additional,,10.12688/openreseurope.13860.2
Matthias G.,Friedrich,additional,,10.12688/openreseurope.13860.2
Josep L.,Gelpi,additional,,10.12688/openreseurope.13860.2
Marjo-Riitta,Jarvelin,additional,,10.12688/openreseurope.13860.2
Kari,Kuulasmaa,additional,,10.12688/openreseurope.13860.2
Karim,Lekadir,additional,,10.12688/openreseurope.13860.2
Michaela Th.,Mayrhofer,additional,,10.12688/openreseurope.13860.2
Vaclav,Papez,additional,,10.12688/openreseurope.13860.2
Gerard,Pasterkamp,additional,,10.12688/openreseurope.13860.2
Steffen E.,Petersen,additional,,10.12688/openreseurope.13860.2
Carsten Oliver,Schmidt,additional,,10.12688/openreseurope.13860.2
Jeanette,Schulz-Menger,additional,,10.12688/openreseurope.13860.2
Stefan,Söderberg,additional,,10.12688/openreseurope.13860.2
Mahsa,Shabani,additional,,10.12688/openreseurope.13860.2
Giovanni,Veronesi,additional,,10.12688/openreseurope.13860.2
Darian Steven,Viezzer,additional,,10.12688/openreseurope.13860.2
Pascal,Borry,additional,,10.12688/openreseurope.13860.2
Monia,Chouari,first,,10.12688/openreseurope.13217.2
Moncef,Ghiss,additional,,10.12688/openreseurope.13217.2
Anastasia,Zabaniotou,additional,,10.12688/openreseurope.13217.2
Antonios,Makris,first,,10.12688/openreseurope.14505.1
Konstantinos,Tserpes,additional,,10.12688/openreseurope.14505.1
Theodora,Varvarigou,additional,,10.12688/openreseurope.14505.1
Enkeleint A.,Mechili,first,,10.12688/openreseurope.13405.1
Krzysztof,Przewoźniak,additional,,10.12688/openreseurope.13405.1
Pete,Driezen,additional,,10.12688/openreseurope.13405.1
Christina N,Kyriakos,additional,,10.12688/openreseurope.13405.1
Charis,Girvalaki,additional,,10.12688/openreseurope.13405.1
Ute,Mons,additional,,10.12688/openreseurope.13405.1
Anne CK,Quah,additional,,10.12688/openreseurope.13405.1
Esteve,Fernández,additional,,10.12688/openreseurope.13405.1
Antigona C,Trofor,additional,,10.12688/openreseurope.13405.1
Tibor,Demjén,additional,,10.12688/openreseurope.13405.1
Paraskevi A,Katsaounou,additional,,10.12688/openreseurope.13405.1
Witold,Zatoński,additional,,10.12688/openreseurope.13405.1
Geoffrey T,Fong,additional,,10.12688/openreseurope.13405.1
Constantine I,Vardavas,additional,,10.12688/openreseurope.13405.1
Lucas,Fidon,first,,10.12688/openreseurope.13914.1
Elizabeth,Viola,additional,,10.12688/openreseurope.13914.1
Nada,Mufti,additional,,10.12688/openreseurope.13914.1
Anna L.,David,additional,,10.12688/openreseurope.13914.1
Andrew,Melbourne,additional,,10.12688/openreseurope.13914.1
Philippe,Demaerel,additional,,10.12688/openreseurope.13914.1
Sébastien,Ourselin,additional,,10.12688/openreseurope.13914.1
Tom,Vercauteren,additional,,10.12688/openreseurope.13914.1
Jan,Deprest,additional,,10.12688/openreseurope.13914.1
Michael,Aertsen,additional,,10.12688/openreseurope.13914.1
Raquel,Mencia Torrico,first,,10.12688/openreseurope.13555.1
María del Mar,Micó Reche,additional,,10.12688/openreseurope.13555.1
Alberto,Cruz Alcalde,additional,,10.12688/openreseurope.13555.1
Rossmary Violette,Romero Olarte,additional,,10.12688/openreseurope.13555.1
Henry,Antezana Fernández,additional,,10.12688/openreseurope.13555.1
María Mercedes,Álvarez Caero,additional,,10.12688/openreseurope.13555.1
Carmen,Sans Mazón,additional,,10.12688/openreseurope.13555.1
GARAZI,CARRANZA,first,,10.12688/openreseurope.13933.1
Oihane,De la Rua,additional,,10.12688/openreseurope.13933.1
Begoña,Sanchez,additional,,10.12688/openreseurope.13933.1
Elisa,Bandini,first,,10.12688/openreseurope.13186.2
Alba,Motes-Rodrigo,additional,,10.12688/openreseurope.13186.2
William,Archer,additional,,10.12688/openreseurope.13186.2
Tanya,Minchin,additional,,10.12688/openreseurope.13186.2
Helene,Axelsen,additional,,10.12688/openreseurope.13186.2
Raquel Adriana,Hernandez-Aguilar,additional,,10.12688/openreseurope.13186.2
Shannon P.,McPherron,additional,,10.12688/openreseurope.13186.2
Claudio,Tennie,additional,,10.12688/openreseurope.13186.2
Arturo,Luque,first,,10.12688/openreseurope.13990.2
Jokin,Hidalgo,first,,10.12688/openreseurope.13833.1
María,Tripiana,additional,,10.12688/openreseurope.13833.1
Laura,Sanchez-Cupido,additional,,10.12688/openreseurope.13833.1
Manuel,Barragán,additional,,10.12688/openreseurope.13833.1
María,González-Moya,additional,,10.12688/openreseurope.13833.1
Amal,Siriwardana,additional,,10.12688/openreseurope.13833.1
Paul,Cairney,first,,10.12688/openreseurope.13178.2
Emily,St Denny,additional,,10.12688/openreseurope.13178.2
Heather,Mitchell,additional,,10.12688/openreseurope.13178.2
Michaela,Zwyer,first,,10.12688/openreseurope.14029.2
Cengiz,Çavusoglu,additional,,10.12688/openreseurope.14029.2
Giovanni,Ghielmetti,additional,,10.12688/openreseurope.14029.2
Maria Lodovica,Pacciarini,additional,,10.12688/openreseurope.14029.2
Erika,Scaltriti,additional,,10.12688/openreseurope.14029.2
Dick,Van Soolingen,additional,,10.12688/openreseurope.14029.2
Anna,Dötsch,additional,,10.12688/openreseurope.14029.2
Miriam,Reinhard,additional,,10.12688/openreseurope.14029.2
Sebastien,Gagneux,additional,,10.12688/openreseurope.14029.2
Daniela,Brites,additional,,10.12688/openreseurope.14029.2
Hannah,van Alebeek,first,,10.12688/openreseurope.13241.1
Sercan,Kahveci,additional,,10.12688/openreseurope.13241.1
Jens,Blechert,additional,,10.12688/openreseurope.13241.1
Paul J.A.,Borm,first,,10.12688/openreseurope.13264.1
Julian,Kiverstein,first,,10.12688/openreseurope.13411.2
Erik,Rietveld,additional,,10.12688/openreseurope.13411.2
Anastasia,Zabaniotou,first,,10.12688/openreseurope.13340.2
Paul,Cairney,first,,10.12688/openreseurope.13834.1
Sean,Kippin,additional,,10.12688/openreseurope.13834.1
Mobyen Uddin,Ahmed,first,,10.12688/openreseurope.13592.2
Mir Riyanul,Islam,additional,,10.12688/openreseurope.13592.2
Shaibal,Barua,additional,,10.12688/openreseurope.13592.2
Bertil,Hök,additional,,10.12688/openreseurope.13592.2
Emma,Jonforsen,additional,,10.12688/openreseurope.13592.2
Shahina,Begum,additional,,10.12688/openreseurope.13592.2
Ioannis,TARNANAS,first,,10.12688/openreseurope.14216.2
Panagiotis,Vlamos,additional,,10.12688/openreseurope.14216.2
Dr Robbert,Harms,additional,,10.12688/openreseurope.14216.2
,,additional,,10.12688/openreseurope.14216.2
Sebastian,Sterl,first,,10.12688/openreseurope.13392.1
Albertine,Devillers,additional,,10.12688/openreseurope.13392.1
Celray James,Chawanda,additional,,10.12688/openreseurope.13392.1
Ann,van Griensven,additional,,10.12688/openreseurope.13392.1
Wim,Thiery,additional,,10.12688/openreseurope.13392.1
Daniel,Russo,additional,,10.12688/openreseurope.13392.1
Konstantinos C.,Apostolakis,first,,10.12688/openreseurope.13715.1
Nikolaos,Dimitriou,additional,,10.12688/openreseurope.13715.1
George,Margetis,additional,,10.12688/openreseurope.13715.1
Stavroula,Ntoa,additional,,10.12688/openreseurope.13715.1
Dimitrios,Tzovaras,additional,,10.12688/openreseurope.13715.1
Constantine,Stephanidis,additional,,10.12688/openreseurope.13715.1
Neil,Howard,first,,10.12688/openreseurope.14258.1
Thomas,Batz,first,,10.12688/openreseurope.13079.1
Reinhard,Herzog,additional,,10.12688/openreseurope.13079.1
Jon,Summers,additional,,10.12688/openreseurope.13079.1
Kym,Watson,additional,,10.12688/openreseurope.13079.1
Victoria,RAMOS,first,,10.12688/openreseurope.14280.1
Iris,de San Pedro,additional,,10.12688/openreseurope.14280.1
Elvira,Casado,additional,,10.12688/openreseurope.14280.1
Esmeralda,Santacruz,additional,,10.12688/openreseurope.14280.1
Coral,Hernández,additional,,10.12688/openreseurope.14280.1
Jose A.,Alcoceda,additional,,10.12688/openreseurope.14280.1
M.Jose,de Tena-Davila,additional,,10.12688/openreseurope.14280.1
Alfredo,Burgos,additional,,10.12688/openreseurope.14280.1
Santiago,Perez de la Camara,additional,,10.12688/openreseurope.14280.1
Pablo,Marina-Boillos,additional,,10.12688/openreseurope.14280.1
Mario,Pascual,additional,,10.12688/openreseurope.14280.1
,,additional,,10.12688/openreseurope.14280.1
Dina,Chhorn,first,,10.12688/openreseurope.13588.1
Stella,Villarmea,first,,10.12688/openreseurope.13333.1
Anna,Bychek,first,,10.12688/openreseurope.13781.2
Christoph,Hotter,additional,,10.12688/openreseurope.13781.2
David,Plankensteiner,additional,,10.12688/openreseurope.13781.2
Helmut,Ritsch,additional,,10.12688/openreseurope.13781.2
Brian,Pickering,first,,10.12688/openreseurope.13369.1
Timea,Biro,additional,,10.12688/openreseurope.13369.1
Claire C.,Austin,additional,,10.12688/openreseurope.13369.1
Alexander,Bernier,additional,,10.12688/openreseurope.13369.1
Louise,Bezuidenhout,additional,,10.12688/openreseurope.13369.1
Carlos,Casorrán,additional,,10.12688/openreseurope.13369.1
Francis P.,Crawley,additional,,10.12688/openreseurope.13369.1
Romain,David,additional,,10.12688/openreseurope.13369.1
Claudia,Engelhardt,additional,,10.12688/openreseurope.13369.1
Geta,Mitrea,additional,,10.12688/openreseurope.13369.1
Ingvill Constanze,Mochmann,additional,,10.12688/openreseurope.13369.1
Rajini,Nagrani,additional,,10.12688/openreseurope.13369.1
Mary,O'Brien-Uhlmansiek,additional,,10.12688/openreseurope.13369.1
Simon,Parker,additional,,10.12688/openreseurope.13369.1
Minglu,Wang,additional,,10.12688/openreseurope.13369.1
Leyla Jael,Castro,additional,,10.12688/openreseurope.13369.1
Zoe,Cournia,additional,,10.12688/openreseurope.13369.1
Kheeran,Dharmawardena,additional,,10.12688/openreseurope.13369.1
Gayo,Diallo,additional,,10.12688/openreseurope.13369.1
Ingrid,Dillo,additional,,10.12688/openreseurope.13369.1
Alejandra,Gonzalez-Beltran,additional,,10.12688/openreseurope.13369.1
Anupama,Gururaj,additional,,10.12688/openreseurope.13369.1
Sridhar,Gutam,additional,,10.12688/openreseurope.13369.1
Natalie,Harrower,additional,,10.12688/openreseurope.13369.1
Jitendra,Jonnagaddala,additional,,10.12688/openreseurope.13369.1
Katherine,McNeill,additional,,10.12688/openreseurope.13369.1
Daniel,Mietchen,additional,,10.12688/openreseurope.13369.1
Amy,Pienta,additional,,10.12688/openreseurope.13369.1
Panayiota,Polydoratou,additional,,10.12688/openreseurope.13369.1
Marcos Roberto,Tovani-Palone,additional,,10.12688/openreseurope.13369.1
Francois,Taute,first,,10.12688/openreseurope.13335.1
Antoni,Homs-Corbera,additional,,10.12688/openreseurope.13335.1
Pierre,Gaudriault,additional,,10.12688/openreseurope.13335.1
Natascia,Andrenacci,first,,10.12688/openreseurope.14354.1
Federico,Karagulian,additional,,10.12688/openreseurope.14354.1
Antonino,Genovese,additional,,10.12688/openreseurope.14354.1
Fabrice,Allain,first,,10.12688/openreseurope.13861.2
Julien,Roméjon,additional,,10.12688/openreseurope.13861.2
Philippe,La Rosa,additional,,10.12688/openreseurope.13861.2
Frédéric,Jarlier,additional,,10.12688/openreseurope.13861.2
Nicolas,Servant,additional,,10.12688/openreseurope.13861.2
Philippe,Hupé,additional,,10.12688/openreseurope.13861.2
Arnaud,Cazenave de la Roche,first,,10.12688/openreseurope.13942.1
Fabrizio,Ciacchella,additional,,10.12688/openreseurope.13942.1
Fabien,Langenegger,additional,,10.12688/openreseurope.13942.1
Max,Guérout,additional,,10.12688/openreseurope.13942.1
Marco,Milanese,additional,,10.12688/openreseurope.13942.1
Ana,Crespo Solana,additional,,10.12688/openreseurope.13942.1
Heena,Khanchandani,first,,10.12688/openreseurope.14176.2
Se-Ho,Kim,additional,,10.12688/openreseurope.14176.2
Rama Srinivas,Varanasi,additional,,10.12688/openreseurope.14176.2
TS,Prithiv,additional,,10.12688/openreseurope.14176.2
Leigh T.,Stephenson,additional,,10.12688/openreseurope.14176.2
Baptiste,Gault,additional,,10.12688/openreseurope.14176.2
Katie,Moylan,first,,10.12688/openreseurope.14020.1
Johann,Schütz,first,,10.12688/openreseurope.13313.1
Mathias,Uslar,additional,,10.12688/openreseurope.13313.1
Jürgen,Meister,additional,,10.12688/openreseurope.13313.1
Celia,Alvarez-Romero,first,,10.12688/openreseurope.14349.1
Alicia,Martínez-García,additional,,10.12688/openreseurope.14349.1
A. Anil,Sinaci,additional,,10.12688/openreseurope.14349.1
Mert,Gencturk,additional,,10.12688/openreseurope.14349.1
Eva,Méndez,additional,,10.12688/openreseurope.14349.1
Tony,Hernández-Pérez,additional,,10.12688/openreseurope.14349.1
Rosa,Liperoti,additional,,10.12688/openreseurope.14349.1
Carmen,Angioletti,additional,,10.12688/openreseurope.14349.1
Matthias,Löbe,additional,,10.12688/openreseurope.14349.1
Nagarajan,Ganapathy,additional,,10.12688/openreseurope.14349.1
Thomas M.,Deserno,additional,,10.12688/openreseurope.14349.1
Marta,Almada,additional,,10.12688/openreseurope.14349.1
Elisio,Costa,additional,,10.12688/openreseurope.14349.1
Catherine,Chronaki,additional,,10.12688/openreseurope.14349.1
Giorgio,Cangioli,additional,,10.12688/openreseurope.14349.1
Ronald,Cornet,additional,,10.12688/openreseurope.14349.1
Beatriz,Poblador-Plou,additional,,10.12688/openreseurope.14349.1
Jonás,Carmona-Pírez,additional,,10.12688/openreseurope.14349.1
Antonio,Gimeno-Miguel,additional,,10.12688/openreseurope.14349.1
Antonio,Poncel-Falcó,additional,,10.12688/openreseurope.14349.1
Alexandra,Prados-Torres,additional,,10.12688/openreseurope.14349.1
Tomi,Kovacevic,additional,,10.12688/openreseurope.14349.1
Bojan,Zaric,additional,,10.12688/openreseurope.14349.1
Darijo,Bokan,additional,,10.12688/openreseurope.14349.1
Sanja,Hromis,additional,,10.12688/openreseurope.14349.1
Jelena,Djekic Malbasa,additional,,10.12688/openreseurope.14349.1
Carlos,Rapallo Fernández,additional,,10.12688/openreseurope.14349.1
Teresa,Velázquez Fernández,additional,,10.12688/openreseurope.14349.1
Jessica,Rochat,additional,,10.12688/openreseurope.14349.1
Christophe,Gaudet-Blavignac,additional,,10.12688/openreseurope.14349.1
Christian,Lovis,additional,,10.12688/openreseurope.14349.1
Patrick,Weber,additional,,10.12688/openreseurope.14349.1
Miriam,Quintero,additional,,10.12688/openreseurope.14349.1
Manuel M.,Perez-Perez,additional,,10.12688/openreseurope.14349.1
Kevin,Ashley,additional,,10.12688/openreseurope.14349.1
Laurence,Horton,additional,,10.12688/openreseurope.14349.1
Carlos Luis,Parra Calderón,additional,,10.12688/openreseurope.14349.1
Paul J.A.,Borm,first,,10.12688/openreseurope.13264.2
